docker : #0 building with "desktop-linux" instance using docker driver
At line:1 char:909
+ ... } catch {}; docker build -t firm_audit/sandbox:latest "E:\固件\create\i ...
+                 ~~~~~~~~~~~~~~~~~~~~~~~~~~~~~~~~~~~~~~~~~~~~~~~~~~~~~~~~~
    + CategoryInfo          : NotSpecified: (#0 building wit...g docker driver:String) [], RemoteException
    + FullyQualifiedErrorId : NativeCommandError
 

#1 [internal] load build definition from Dockerfile
#1 transferring dockerfile: 1.87kB done
#1 DONE 0.0s

#2 [internal] load metadata for docker.io/firm_audit/sandbox:latest
#2 DONE 0.3s

#3 [internal] load .dockerignore
#3 transferring context: 2B done
#3 DONE 0.0s

#4 [1/5] FROM docker.io/firm_audit/sandbox:latest@sha256:9dd5918e56097b67bc78a43267d88ee566afadecec97c58ba8e98a09dac170
fd
#4 resolve docker.io/firm_audit/sandbox:latest@sha256:9dd5918e56097b67bc78a43267d88ee566afadecec97c58ba8e98a09dac170fd 
0.0s done
#4 DONE 0.0s

#5 [internal] load build context
#5 transferring context: 31B done
#5 DONE 0.0s

#6 [3/5] COPY checksec /usr/local/bin/checksec
#6 CACHED

#7 [2/5] RUN apt-get update     && apt-get install -y --no-install-recommends fdisk     && rm -rf /var/lib/apt/lists/*
#7 CACHED

#8 [4/5] RUN chmod +x /usr/local/bin/checksec     && pip3 install --no-cache-dir cve-bin-tool
#8 CACHED

#9 [5/5] RUN git clone --depth 1 --branch 5.9.8 https://github.com/radareorg/radare2 /tmp/radare2     && cd /tmp/radare
2     && CS_COMMIT_ARCHIVE=1 sys/install.sh     && rm -rf /tmp/radare2
#9 0.303 Cloning into '/tmp/radare2'...
#9 174.8 Note: switching to '4eb49d5ad8c99eaecc8850a2f10bad407067c898'.
#9 174.8 
#9 174.8 You are in 'detached HEAD' state. You can look around, make experimental
#9 174.8 changes and commit them, and you can discard any commits you make in this
#9 174.8 state without impacting any branches by switching back to a branch.
#9 174.8 
#9 174.8 If you want to create a new branch to retain commits you create, you may
#9 174.8 do so (now or later) by using -c with the switch command. Example:
#9 174.8 
#9 174.8   git switch -c <new-branch-name>
#9 174.8 
#9 174.8 Or undo this operation with:
#9 174.8 
#9 174.8   git switch -
#9 174.8 
#9 174.8 Turn off this advice by setting config variable advice.detachedHead to false
#9 174.8 
#9 175.1 [WW] Do not run this script as root!
#9 175.1 Warning: Cannot find system wide capstone
#9 175.1 [*] Finding gmake is a tracked alias for /usr/bin/gmake OK
#9 175.1 [*] Configuring the build system ... OK
#9 177.7 [*] Checking out capstone... OK
#9 241.2 [*] Checking out vector35-arm64... OK
#9 262.3 [*] Checking out vector35-armv7... OK
#9 264.5 [*] Running configure... OK
#9 266.7 [*] Ready. You can now run 'make'.
#9 266.7 ARGS=
#9 266.7 ./sys/build.sh
#9 266.7 /tmp/radare2
#9 266.7 Building on Linux : computing number of allowed parallel jobs.
#9 266.7 Maximum allowed RAM memory per job is 150000 kB.
#9 266.7 Number of CPUs is 20 and current free RAM allows us to run 75 jobs in parallel.
#9 266.7 So, the build will run on 20 job(s).
#9 267.7 /tmp/radare2
#9 267.7 ./configure --with-rpath --prefix=/usr/local
#9 267.7 configure-plugins: Copying dist/plugins-cfg/plugins.def.cfg
#9 267.7 configure-plugins: Loading ./plugins.cfg ..
#9 267.7 configure-plugins: Generating libr/config.h
#9 268.2 configure-plugins: Generating libr/asm/d/config.inc
#9 268.7 configure-plugins: Generating libr/config.mk
#9 269.3 SHARED: io.shm
#9 269.3 STATIC: anal.a2f anal.null arch.6502 arch.6502_cs arch.8051 arch.alpha arch.amd29k arch.any_as arch.any_vasm a
rch.arc arch.arm arch.arm_cs arch.arm_gnu arch.arm_v35 arch.avr arch.bf arch.bpf arch.bpf_cs arch.chip8 arch.cr16 arch.
cris arch.dalvik arch.dis arch.ebc arch.evm arch.fslsp arch.gb arch.h8300 arch.hppa_gnu arch.i4004 arch.i8080 arch.java
 arch.jdh8 arch.kvx arch.lanai arch.lh5801 arch.lm32 arch.loongarch_gnu arch.lua arch.m680x_cs arch.m68k_cs arch.m68k_g
nu arch.mcore arch.mcs96 arch.mips_cs arch.mips_gnu arch.msp430 arch.nds32 arch.nios2 arch.null arch.or1k arch.pdp11 ar
ch.pic arch.pickle arch.ppc_cs arch.ppc_gnu arch.propeller arch.pyc arch.riscv arch.riscv_cs arch.rsp arch.s390_cs arch
.s390_gnu arch.sh arch.sh_cs arch.sm5xx arch.snes arch.sparc_cs arch.sparc_gnu arch.stm8 arch.tms320 arch.tricore arch.
tricore_cs arch.uxn arch.v810 arch.v850 arch.vax arch.wasm arch.ws arch.x86_cs arch.x86_nasm arch.x86_nz arch.xap arch.
xcore_cs arch.xtensa arch.z80 asm.null bin.any bin.art bin.avr bin.bf bin.bflt bin.bios bin.bootimg bin.cgc bin.coff bi
n.dex bin.dis bin.dmp64 bin.dol bin.dyldcache bin.elf bin.elf64 bin.fs bin.hunk bin.io bin.java bin.le bin.lua bin.mach
0 bin.mach064 bin.mbn bin.mdmp bin.menuet bin.msx bin.mz bin.ne bin.nes bin.nin3ds bin.ninds bin.ningb bin.ningba bin.n
ro bin.nso bin.off bin.omf bin.p9 bin.pcap bin.pdp11 bin.pe bin.pe64 bin.pebble bin.prg bin.psxexe bin.pyc bin.qnx bin.
rel bin.s390 bin.sfc bin.smd bin.sms bin.symbols bin.te bin.tic bin.uf2 bin.vsf bin.wad bin.wasm bin.xbe bin.xcoff64 bi
n.xnu_kernelcache bin.xtac bin.z64 bin.zimg bin_ldr.ldr_linux bin_xtr.xtr_dyldcache bin_xtr.xtr_fatmach0 bin_xtr.xtr_pe
mixed bin_xtr.xtr_sep64 bin_xtr.xtr_xalz bp.arm bp.bf bp.mips bp.null bp.ppc bp.riscv bp.s390x bp.x86 core.a2f core.agD
 core.java core.prj core.sixref crypto.aes crypto.aes_cbc crypto.aes_wrap crypto.base64 crypto.base91 crypto.bech32 cry
pto.blowfish crypto.cps2 crypto.des crypto.ed25519 crypto.entropy crypto.punycode crypto.rc2 crypto.rc4 crypto.rc6 cryp
to.rol crypto.ror crypto.rot crypto.serpent crypto.sip crypto.sm4 crypto.strhash crypto.xor debug.bf debug.bochs debug.
esil debug.evm debug.gdb debug.io debug.native debug.null debug.qnx debug.rap debug.rv32ima debug.winkd egg.exec egg.xo
r esil.dummy esil.forth esil.null fs.ext2 fs.fat fs.fb fs.hfs fs.hfsplus fs.io fs.iso9660 fs.jfs fs.minix fs.ntfs fs.po
six fs.r2 fs.reiserfs fs.sfs fs.squashfs fs.tar fs.udf fs.ufs fs.xfs fs.zip io.ar io.bfdbg io.bochs io.cyclic io.debug 
io.default io.dsc io.fd io.gdb io.gprobe io.gzip io.http io.ihex io.isotp io.mach io.malloc io.mmap io.null io.procpid 
io.ptrace io.qnx io.r2k io.r2pipe io.r2web io.rap io.rbuf io.reg io.self io.serial io.socket io.sparse io.sysgdb io.tcp
slurp io.treebuf io.uf2 io.w32 io.w32dbg io.winedbg io.winkd io.xalz io.xattr io.zip lang.c lang.cpipe lang.pipe lang.r
ust lang.spp lang.v lang.vala lang.zig parse.6502_pseudo parse.arm_pseudo parse.att2intel parse.avr_pseudo parse.bpf_ps
eudo parse.chip8_pseudo parse.dalvik_pseudo parse.evm_pseudo parse.gb_pseudo parse.m68k_pseudo parse.mips_pseudo parse.
null_pseudo parse.pickle_pseudo parse.ppc_pseudo parse.riscv_pseudo parse.sh_pseudo parse.stm8_pseudo parse.tms320_pseu
do parse.tricore_pseudo parse.v850_pseudo parse.wasm_pseudo parse.x86_pseudo parse.z80_pseudo
#9 269.3 checking build system type... x86_64-unknown-wsl-gnu
#9 269.3 checking host system type... x86_64-unknown-wsl-gnu
#9 269.3 checking target system type... x86_64-unknown-wsl-gnu
#9 269.3 checking for working directories... current
#9 269.3 using prefix '/usr/local'
#9 269.3 checking for c compiler... gcc
#9 269.3 checking for dynamic library... required
#9 269.3 checking for pkg-config... /usr/bin/pkg-config
#9 269.3 checking for patch... /usr/bin/patch
#9 269.3 checking for ar... /usr/bin/ar
#9 269.3 checking for git... /usr/bin/git
#9 269.3 checking for gperf... no
#9 269.3 checking for libmagic ... no
#9 269.3 checking for linux/can.h... yes
#9 269.3 checking pkg-config flags for libsqsh... no
#9 269.3 checking pkg-config flags for liblz4... no
#9 269.3 checking for libz ... yes
#9 269.3 checking for libzip ... no
#9 269.3 checking for libxxhash ... no
#9 269.4 checking declaration of ADDR_NO_RANDOMIZE in sys/personality.h... yes
#9 269.4 checking declaration of __GLIBC__ in features.h... yes
#9 269.4 checking function arc4random_uniform() in c... no
#9 269.4 checking function explicit_bzero() in c... yes
#9 269.4 checking function explicit_memset() in c... no
#9 269.5 checking function clock_nanosleep() in c... yes
#9 269.5 checking function sigaction() in c... yes
#9 269.5 checking function clock_gettime() in c... yes
#9 269.5 checking cflags  -std=gnu99... yes
#9 269.5 checking version of library libuv >= 1.0.0... no
#9 269.5 generating pkgcfg/r_egg.pc
#9 269.5 generating pkgcfg/r_io.pc
#9 269.5 generating pkgcfg/r_esil.pc
#9 269.5 generating pkgcfg/r_cons.pc
#9 269.5 generating pkgcfg/r_socket.pc
#9 269.5 generating pkgcfg/r_reg.pc
#9 269.5 generating pkgcfg/r_bp.pc
#9 269.5 generating pkgcfg/r_flag.pc
#9 269.5 generating pkgcfg/r_bin.pc
#9 269.5 generating pkgcfg/r_lang.pc
#9 269.5 generating pkgcfg/r_syscall.pc
#9 269.5 generating pkgcfg/r_config.pc
#9 269.5 generating pkgcfg/r_fs.pc
#9 269.5 generating pkgcfg/r_util.pc
#9 269.5 generating pkgcfg/r_magic.pc
#9 269.5 generating pkgcfg/r_search.pc
#9 269.5 generating pkgcfg/r_arch.pc
#9 269.5 generating pkgcfg/r_crypto.pc
#9 269.5 generating pkgcfg/r_anal.pc
#9 269.5 generating pkgcfg/r_asm.pc
#9 269.5 generating pkgcfg/r_debug.pc
#9 269.7 creating ./config-user.mk
#9 269.8 creating libr/include/r_userconf.h
#9 269.9 creating pkgcfg/r_core.pc
#9 269.9 cleaning temporally files... done
#9 269.9 
#9 269.9 Final report:
#9 269.9  - BUILD = x86_64-unknown-linux-gnu
#9 269.9  - CC = gcc
#9 269.9  - CFLAGS = ""
#9 269.9  - DEBUGGER = 1
#9 269.9  - HAVE_ARC4RANDOM_UNIFORM = 0
#9 269.9  - HAVE_EXPLICIT_BZERO = 1
#9 269.9  - USE_NEW_ABI = 0
#9 269.9  - HAVE_EXPLICIT_MEMSET = 0
#9 269.9  - HAVE_FORK = 1
#9 269.9  - HAVE_GPERF = 0
#9 269.9  - HAVE_LIBUV = 0
#9 269.9  - HAVE_LIB_GMP = 0
#9 269.9  - WANT_DEBUGSTUFF = 1
#9 269.9  - HAVE_OPENSSL = 0
#9 269.9  - WANT_SSL_CRYPTO = 0
#9 269.9  - HAVE_PTRACE = 1
#9 269.9  - HOST = x86_64-unknown-linux-gnu
#9 269.9  - LDFLAGS = -Wl,--as-needed 
#9 269.9  - LIBVERSION = 5.9.8
#9 269.9  - PKGCONFIG = /usr/bin/pkg-config
#9 269.9  - PREFIX = /usr/local
#9 269.9  - R_CHECKS_LEVEL = 2
#9 269.9  - TARGET = x86_64-unknown-linux-gnu
#9 269.9  - USERCC = gcc
#9 269.9  - USEROSTYPE = gnulinux
#9 269.9  - USE_CAPSTONE = 0
#9 269.9  - USE_LIB_MAGIC = 0
#9 269.9  - NEW_IO_CACHE = ""
#9 269.9  - USE_SQSH = 0
#9 269.9  - USE_LIB_XXHASH = 0
#9 269.9  - USE_LIB_ZIP = 0
#9 269.9  - USE_PTRACE_WRAP = 0
#9 269.9  - USE_SYSLZ4 = 0
#9 269.9  - VERSION = 5.9.8
#9 269.9  - WANT_DYLINK = 1
#9 269.9  - USE_SMALLZ4 = ""
#9 270.0 Generating r_version.h file
#9 270.0 
#9 270.0 >>>>>>>>
#9 270.0 HOST SDB
#9 270.0 >>>>>>>>
#9 270.0 
#9 270.1 CC entry.c
#9 270.1 CC cdb.c
#9 270.1 CC cdb_make.c
#9 270.1 CC ls.c
#9 270.1 CC ht.c
#9 270.1 CC ht_uu.c
#9 270.1 CC sdb.c
#9 270.1 CC base64.c
#9 270.1 CC num.c
#9 270.1 CC match.c
#9 270.1 CC json.c
#9 270.1 CC ns.c
#9 270.1 CC lock.c
#9 270.1 CC util.c
#9 270.1 CC disk.c
#9 270.1 CC query.c
#9 270.1 CC array.c
#9 270.1 CC fmt.c
#9 270.1 CC journal.c
#9 270.1 CC text.c
#9 270.2 CC dict.c
#9 270.2 CC ht_pp.c
#9 270.2 CC ht_up.c
#9 270.2 CC ht_pu.c
#9 270.2 CC ht_su.c
#9 270.2 CC set.c
#9 270.2 CC diff.c
#9 270.2 CC heap.c
#9 270.2 CC main.c
#9 270.3 AR libsdb.a
#9 270.3 ar: creating libsdb.a
#9 270.3 BIN sdb
#9 270.3 sdb/sdb: ELF 64-bit LSB pie executable, x86-64, version 1 (SYSV), dynamically linked, interpreter /lib64/ld-li
nux-x86-64.so.2, BuildID[sha1]=db0dbf6cfd98cd4c0d374d1006cbb0958dc6c8d0, for GNU/Linux 3.2.0, not stripped
#9 270.4 
#9 270.4 >>>>>>>>>>
#9 270.4 TARGET SDB
#9 270.4 >>>>>>>>>>
#9 270.4 
#9 270.4 CC cdb.c
#9 270.4 CC cdb_make.c
#9 270.4 CC ls.c
#9 270.4 CC ht.c
#9 270.4 CC ht_uu.c
#9 270.4 CC sdb.c
#9 270.5 CC num.c
#9 270.5 CC base64.c
#9 270.5 CC match.c
#9 270.5 CC ns.c
#9 270.5 CC json.c
#9 270.5 CC lock.c
#9 270.5 CC util.c
#9 270.5 CC disk.c
#9 270.5 CC query.c
#9 270.5 CC array.c
#9 270.5 CC fmt.c
#9 270.5 CC journal.c
#9 270.5 CC text.c
#9 270.5 CC dict.c
#9 270.5 CC ht_pp.c
#9 270.5 CC ht_up.c
#9 270.5 CC ht_pu.c
#9 270.5 CC ht_su.c
#9 270.5 CC diff.c
#9 270.5 CC set.c
#9 270.5 CC main.c
#9 270.5 CC heap.c
#9 270.6 AR libsdb.a
#9 270.6 ar: creating libsdb.a
#9 270.7 [zlib 2] CC adler32.c
#9 270.7 [zlib 3] CC crc32.c
#9 270.7 [zlib 4] CC deflate.c
#9 270.7 [zlib 5] CC infback.c
#9 270.7 [zlib 6] CC inffast.c
#9 270.7 [zlib 7] CC inflate.c
#9 270.7 [zlib 8] CC inftrees.c
#9 270.7 [zlib 9] CC trees.c
#9 270.7 [zlib 10] CC zutil.c
#9 270.7 [zlib 11] CC compress.c
#9 270.7 [zlib 12] CC uncompr.c
#9 270.7 [zlib 13] CC gzclose.c
#9 270.7 [zlib 14] CC gzlib.c
#9 270.8 [zlib 15] CC gzread.c
#9 270.8 [zlib 16] CC gzwrite.c
#9 270.8 ar: creating libr_z.a
#9 270.8 [zip 17] CC zip_add.c
#9 270.8 [zip 18] CC zip_add_dir.c
#9 270.8 [zip 19] CC zip_add_entry.c
#9 270.8 [zip 20] CC zip_algorithm_deflate.c
#9 270.8 [zip 21] CC zip_buffer.c
#9 270.8 [zip 22] CC zip_close.c
#9 270.9 [zip 23] CC zip_delete.c
#9 270.9 [zip 24] CC zip_dir_add.c
#9 270.9 [zip 25] CC zip_dirent.c
#9 270.9 [zip 26] CC zip_discard.c
#9 270.9 [zip 27] CC zip_entry.c
#9 270.9 [zip 28] CC zip_err_str.c
#9 270.9 [zip 29] CC zip_error.c
#9 270.9 [zip 30] CC zip_error_clear.c
#9 270.9 [zip 31] CC zip_error_get.c
#9 270.9 [zip 32] CC zip_error_get_sys_type.c
#9 270.9 [zip 33] CC zip_error_strerror.c
#9 270.9 [zip 34] CC zip_error_to_str.c
#9 270.9 [zip 35] CC zip_extra_field.c
#9 270.9 [zip 36] CC zip_extra_field_api.c
#9 270.9 [zip 37] CC zip_fclose.c
#9 271.0 [zip 38] CC zip_fdopen.c
#9 271.0 [zip 39] CC zip_file_add.c
#9 271.0 [zip 40] CC zip_file_error_clear.c
#9 271.0 [zip 41] CC zip_file_error_get.c
#9 271.0 [zip 42] CC zip_file_get_comment.c
#9 271.0 [zip 43] CC zip_file_get_external_attributes.c
#9 271.0 [zip 44] CC zip_file_get_offset.c
#9 271.0 [zip 45] CC zip_file_rename.c
#9 271.0 [zip 46] CC zip_file_replace.c
#9 271.0 [zip 47] CC zip_file_set_comment.c
#9 271.0 [zip 48] CC zip_file_set_external_attributes.c
#9 271.0 [zip 49] CC zip_file_set_mtime.c
#9 271.0 [zip 50] CC zip_file_strerror.c
#9 271.0 [zip 51] CC zip_filerange_crc.c
#9 271.1 [zip 52] CC zip_fopen.c
#9 271.1 [zip 53] CC zip_fopen_index.c
#9 271.1 [zip 54] CC zip_fopen_index_encrypted.c
#9 271.1 [zip 55] CC zip_fread.c
#9 271.1 [zip 56] CC zip_fseek.c
#9 271.1 [zip 57] CC zip_ftell.c
#9 271.1 [zip 58] CC zip_get_archive_comment.c
#9 271.1 [zip 59] CC zip_get_archive_flag.c
#9 271.1 [zip 60] CC zip_get_file_comment.c
#9 271.1 [zip 61] CC zip_get_name.c
#9 271.1 [zip 62] CC zip_get_num_entries.c
#9 271.1 [zip 63] CC zip_get_num_files.c
#9 271.1 [zip 64] CC zip_hash.c
#9 271.2 [zip 65] CC zip_io_util.c
#9 271.2 [zip 66] CC zip_libzip_version.c
#9 271.2 [zip 67] CC zip_memdup.c
#9 271.2 [zip 68] CC zip_name_locate.c
#9 271.2 [zip 69] CC zip_new.c
#9 271.2 [zip 70] CC zip_open.c
#9 271.2 [zip 71] CC zip_pkware.c
#9 271.2 [zip 72] CC zip_progress.c
#9 271.2 [zip 73] CC zip_random_unix.c
#9 271.2 [zip 74] CC zip_rename.c
#9 271.2 [zip 75] CC zip_replace.c
#9 271.2 [zip 76] CC zip_set_archive_comment.c
#9 271.2 [zip 77] CC zip_set_archive_flag.c
#9 271.2 [zip 78] CC zip_set_default_password.c
#9 271.2 [zip 79] CC zip_set_file_comment.c
#9 271.3 [zip 80] CC zip_set_file_compression.c
#9 271.3 [zip 81] CC zip_set_name.c
#9 271.3 [zip 82] CC zip_source_accept_empty.c
#9 271.3 [zip 83] CC zip_source_begin_write.c
#9 271.3 [zip 84] CC zip_source_begin_write_cloning.c
#9 271.3 [zip 85] CC zip_source_buffer.c
#9 271.3 [zip 86] CC zip_source_call.c
#9 271.3 [zip 87] CC zip_source_close.c
#9 271.3 [zip 88] CC zip_source_commit_write.c
#9 271.3 [zip 89] CC zip_source_compress.c
#9 271.3 [zip 90] CC zip_source_crc.c
#9 271.3 [zip 91] CC zip_source_deflate.c
#9 271.3 [zip 92] CC zip_source_error.c
#9 271.3 [zip 93] CC zip_source_file_common.c
#9 271.4 [zip 94] CC zip_source_file_stdio.c
#9 271.4 [zip 95] CC zip_source_file_stdio_named.c
#9 271.4 [zip 96] CC zip_source_free.c
#9 271.4 [zip 97] CC zip_source_function.c
#9 271.4 [zip 98] CC zip_source_get_file_attributes.c
#9 271.4 [zip 99] CC zip_source_is_deleted.c
#9 271.4 [zip 100] CC zip_source_layered.c
#9 271.4 [zip 101] CC zip_source_open.c
#9 271.4 [zip 102] CC zip_source_pkware.c
#9 271.4 [zip 103] CC zip_source_pkware_decode.c
#9 271.4 [zip 104] CC zip_source_pkware_encode.c
#9 271.4 [zip 105] CC zip_source_pop.c
#9 271.4 [zip 106] CC zip_source_read.c
#9 271.4 [zip 107] CC zip_source_remove.c
#9 271.5 [zip 108] CC zip_source_rollback_write.c
#9 271.5 [zip 109] CC zip_source_seek.c
#9 271.5 [zip 110] CC zip_source_seek_write.c
#9 271.5 [zip 111] CC zip_source_stat.c
#9 271.5 [zip 112] CC zip_source_supports.c
#9 271.5 [zip 113] CC zip_source_tell.c
#9 271.5 [zip 114] CC zip_source_tell_write.c
#9 271.5 [zip 115] CC zip_source_window.c
#9 271.5 [zip 116] CC zip_source_write.c
#9 271.5 [zip 117] CC zip_source_zip.c
#9 271.5 [zip 118] CC zip_source_zip_new.c
#9 271.5 [zip 119] CC zip_stat.c
#9 271.5 [zip 120] CC zip_stat_index.c
#9 271.5 [zip 121] CC zip_stat_init.c
#9 271.6 [zip 122] CC zip_strerror.c
#9 271.6 [zip 123] CC zip_string.c
#9 271.6 [zip 124] CC zip_utf-8.c
#9 271.6 ar: creating libr_zip.a
#9 271.6 ar q librz.a zlib/adler32.o zlib/compress.o zlib/crc32.o zlib/deflate.o zlib/gzclose.o zlib/gzlib.o zlib/gzrea
d.o zlib/gzwrite.o zlib/infback.o zlib/inffast.o zlib/inflate.o zlib/inftrees.o zlib/trees.o zlib/uncompr.o zlib/zutil.
o zip/zip_add.o zip/zip_add_dir.o zip/zip_add_entry.o zip/zip_algorithm_deflate.o zip/zip_buffer.o zip/zip_close.o zip/
zip_delete.o zip/zip_dir_add.o zip/zip_dirent.o zip/zip_discard.o zip/zip_entry.o zip/zip_err_str.o zip/zip_error.o zip
/zip_error_clear.o zip/zip_error_get.o zip/zip_error_get_sys_type.o zip/zip_error_strerror.o zip/zip_error_to_str.o zip
/zip_extra_field.o zip/zip_extra_field_api.o zip/zip_fclose.o zip/zip_fdopen.o zip/zip_file_add.o zip/zip_file_error_cl
ear.o zip/zip_file_error_get.o zip/zip_file_get_comment.o zip/zip_file_get_external_attributes.o zip/zip_file_get_offse
t.o zip/zip_file_rename.o zip/zip_file_replace.o zip/zip_file_set_comment.o zip/zip_file_set_external_attributes.o zip/
zip_file_set_mtime.o zip/zip_file_strerror.o zip/zip_filerange_crc.o zip/zip_fopen.o zip/zip_fopen_index.o zip/zip_fope
n_index_encrypted.o zip/zip_fread.o zip/zip_fseek.o zip/zip_ftell.o zip/zip_get_archive_comment.o zip/zip_get_archive_f
lag.o zip/zip_get_file_comment.o zip/zip_get_name.o zip/zip_get_num_entries.o zip/zip_get_num_files.o zip/zip_hash.o zi
p/zip_io_util.o zip/zip_libzip_version.o zip/zip_memdup.o zip/zip_name_locate.o zip/zip_new.o zip/zip_open.o zip/zip_pk
ware.o zip/zip_progress.o zip/zip_random_unix.o zip/zip_rename.o zip/zip_replace.o zip/zip_set_archive_comment.o zip/zi
p_set_archive_flag.o zip/zip_set_default_password.o zip/zip_set_file_comment.o zip/zip_set_file_compression.o zip/zip_s
et_name.o zip/zip_source_accept_empty.o zip/zip_source_begin_write.o zip/zip_source_begin_write_cloning.o zip/zip_sourc
e_buffer.o zip/zip_source_call.o zip/zip_source_close.o zip/zip_source_commit_write.o zip/zip_source_compress.o zip/zip
_source_crc.o zip/zip_source_deflate.o zip/zip_source_error.o zip/zip_source_file_common.o zip/zip_source_file_stdio.o 
zip/zip_source_file_stdio_named.o zip/zip_source_free.o zip/zip_source_function.o zip/zip_source_get_file_attributes.o 
zip/zip_source_is_deleted.o zip/zip_source_layered.o zip/zip_source_open.o zip/zip_source_pkware.o zip/zip_source_pkwar
e_decode.o zip/zip_source_pkware_encode.o zip/zip_source_pop.o zip/zip_source_read.o zip/zip_source_remove.o zip/zip_so
urce_rollback_write.o zip/zip_source_seek.o zip/zip_source_seek_write.o zip/zip_source_stat.o zip/zip_source_supports.o
 zip/zip_source_tell.o zip/zip_source_tell_write.o zip/zip_source_window.o zip/zip_source_write.o zip/zip_source_zip.o 
zip/zip_source_zip_new.o zip/zip_stat.o zip/zip_stat_index.o zip/zip_stat_init.o zip/zip_strerror.o zip/zip_string.o zi
p/zip_utf-8.o
#9 271.6 ar: creating librz.a
#9 271.6 ranlib librz.a
#9 271.7 [util 125] CC ../../shlr/spp/spp.c
#9 271.8 [util 126] CC mem.c
#9 271.8 [util 127] CC unum.c
#9 271.8 [util 128] CC str.c
#9 271.8 [util 129] CC hex.c
#9 271.8 [util 130] CC file.c
#9 271.9 [util 131] CC range.c
#9 271.9 [util 132] CC charset.c
#9 271.9 [util 133] CC xdg.c
#9 271.9 [util 134] CC rxml.c
#9 271.9 [util 135] CC rlz4.c
#9 271.9 [util 136] CC prof.c
#9 271.9 [util 137] CC sys.c
#9 271.9 [util 138] CC buf.c
#9 271.9 [util 139] CC sys_w32.c
#9 271.9 [util 140] CC ubase64.c
#9 271.9 [util 141] CC base85.c
#9 271.9 [util 142] CC base91.c
#9 271.9 [util 143] CC base36.c
#9 272.0 [util 144] CC list.c
#9 272.0 [util 145] CC chmod.c
#9 272.0 [util 146] CC graph.c
#9 272.0 [util 147] CC event.c
#9 272.0 [util 148] CC alloc.c
#9 272.0 [util 149] CC donut.c
#9 272.0 [util 150] CC print_code.c
#9 272.1 [util 151] CC format2.c
#9 272.1 [util 152] CC regex/regcomp.c
#9 272.1 [util 153] CC regex/regerror.c
#9 272.1 [util 154] CC regex/regexec.c
#9 272.1 [util 155] CC uleb128.c
#9 272.1 [util 156] CC rstr.c
#9 272.1 [util 157] CC sandbox.c
#9 272.1 [util 158] CC calc.c
#9 272.1 [util 159] CC thread.c
#9 272.1 [util 160] CC thread_sem.c
#9 272.2 [util 161] CC thread_lock.c
#9 272.2 [util 162] CC thread_cond.c
#9 272.2 [util 163] CC thread_chan.c
#9 272.2 [util 164] CC strpool.c
#9 272.2 [util 165] CC bitmap.c
#9 272.2 [util 166] CC time.c
#9 272.2 [util 167] CC format.c
#9 272.2 [util 168] CC pie.c
#9 272.3 [util 169] CC print.c
#9 272.3 [util 170] CC utype.c
#9 272.3 [util 171] CC w32.c
#9 272.3 [util 172] CC w32dw.c
#9 272.3 [util 173] CC seven.c
#9 272.3 [util 174] CC randomart.c
#9 272.3 [util 175] CC zip.c
#9 272.4 [util 176] CC debruijn.c
#9 272.4 [util 177] CC log.c
#9 272.4 [util 178] CC getopt.c
#9 272.4 [util 179] CC table.c
#9 272.4 [util 180] CC sys_sh.c
#9 272.4 [util 181] CC utf8.c
#9 272.4 [util 182] CC utf16.c
#9 272.4 [util 183] CC utf32.c
#9 272.4 [util 184] CC strbuf.c
#9 272.5 [util 185] CC lib.c
#9 272.5 [util 186] CC name.c
#9 272.5 [util 187] CC spaces.c
#9 272.5 [util 188] CC signal.c
#9 272.5 [util 189] CC syscmd.c
#9 272.6 [util 190] CC udiff.c
#9 272.6 [util 191] CC bdiff.c
#9 272.6 [util 192] CC stack.c
#9 272.6 [util 193] CC queue.c
#9 272.6 [util 194] CC tree.c
#9 272.6 [util 195] CC idpool.c
#9 272.6 [util 196] CC assert.c
#9 272.6 [util 197] CC bplist.c
#9 272.6 [util 198] CC punycode.c
#9 272.7 [util 199] CC pkcs7.c
#9 272.7 [util 200] CC x509.c
#9 272.7 [util 201] CC asn1.c
#9 272.7 [util 202] CC asn1_str.c
#9 272.7 [util 203] CC json_parser.c
#9 272.7 [util 204] CC json_indent.c
#9 272.7 [util 205] CC skiplist.c
#9 272.8 [util 206] CC pj.c
#9 272.8 [util 207] CC rbtree.c
#9 272.8 [util 208] CC intervaltree.c
#9 272.8 [util 209] CC qrcode.c
#9 272.8 [util 210] CC vector.c
#9 272.8 [util 211] CC str_constpool.c
#9 272.8 [util 212] CC str_trim.c
#9 272.9 [util 213] CC ascii_table.c
#9 272.9 [util 214] CC protobuf.c
#9 272.9 [util 215] CC graph_drawable.c
#9 272.9 [util 216] CC axml.c
#9 272.9 [util 217] CC sstext.c
#9 272.9 [util 218] CC new_rbtree.c
#9 272.9 [util 219] CC token.c
#9 272.9 [util 220] CC rvc.c
#9 273.0 [util 221] CC rvc_git.c
#9 273.0 [util 222] CC rvc_rvc.c
#9 273.0 [util 223] CC bscanf.c
#9 273.0 [util 224] CC rprintf.c
#9 273.0 [util 225] CC base32.c
#9 273.0 [util 226] CC /tmp/radare2/libr/../shlr/smallz4/smallz4cat.c
#9 273.0 [util 227] CC big_gmp.c
#9 273.0 [util 228] CC big_ssl.c
#9 273.0 [util 229] CC big.c
#9 273.2 LD libr_util.so
#9 273.3 [socket 230] CC socket.c
#9 273.3 [socket 231] CC socket_proc.c
#9 273.3 [socket 232] CC socket_http.c
#9 273.3 [socket 233] CC socket_http_server.c
#9 273.3 [socket 234] CC socket_rap_server.c
#9 273.3 [socket 235] CC socket_rap_client.c
#9 273.3 [socket 236] CC run.c
#9 273.3 [socket 237] CC r2pipe.c
#9 273.3 [socket 238] CC socket_serial.c
#9 273.5 LD libr_socket.so
#9 273.5 CS_ARCHIVE=https://github.com/capstone-engine/capstone/archive/8455b3c5a53b02e524494c7e72a3946a32518170.zip
#9 273.5 [capstone] Downloading capstone snapshot...
#9 273.5 --2026-08-17 02:23:46--  https://github.com/capstone-engine/capstone/archive/8455b3c5a53b02e524494c7e72a3946a3
2518170.zip
#9 273.5 [bochs 239] CC src/libbochs.c
#9 273.5 Resolving github.com (github.com)... 20.205.243.166
#9 273.5 Connecting to github.com (github.com)|20.205.243.166|:443... ar: creating lib/libbochs.a
#9 273.6 a - src/libbochs.o
#9 273.6 ar: creating libr_winkd.a
#9 273.6 connected.
#9 273.8 HTTP request sent, awaiting response... 302 Found
#9 273.9 Location: https://codeload.github.com/capstone-engine/capstone/zip/8455b3c5a53b02e524494c7e72a3946a32518170 [f
ollowing]
#9 273.9 --2026-08-17 02:23:47--  https://codeload.github.com/capstone-engine/capstone/zip/8455b3c5a53b02e524494c7e72a3
946a32518170
#9 273.9 Resolving codeload.github.com (codeload.github.com)... 20.205.243.165
#9 273.9 Connecting to codeload.github.com (codeload.github.com)|20.205.243.165|:443... connected.
#9 274.2 HTTP request sent, awaiting response... 200 OK
#9 274.7 Length: unspecified [application/zip]
#9 274.7 Saving to: ‘.cs_tmp.zip’
#9 274.7 
#9 274.7      0K .......... .......... .......... .......... ..........  101K
#9 275.2     50K .......... .......... .......... .......... ..........  185K
#9 275.4    100K .......... .......... .......... .......... ..........  168K
#9 275.8    150K .......... .......... .......... .......... ..........  185K
#9 276.0    200K .......... .......... .......... .......... ..........  284K
#9 276.2    250K .......... .......... .......... .......... ..........  105K
#9 276.6    300K .......... .......... .......... .......... .......... 23.5M
#9 276.6    350K .......... .......... .......... .......... ..........  194K
#9 276.9    400K .......... .......... .......... .......... .......... 87.9K
#9 277.5    450K .......... .......... .......... .......... ..........  190K
#9 277.7    500K .......... .......... .......... .......... ..........  216K
#9 278.0    550K .......... .......... .......... .......... ..........  176K
#9 278.2    600K .......... .......... .......... .......... ..........  207K
#9 278.5    650K .......... .......... .......... .......... ..........  175K
#9 278.8    700K .......... .......... .......... .......... ..........  290K
#9 278.9    750K .......... .......... .......... .......... ..........  367K
#9 279.1    800K .......... .......... .......... .......... ..........  288K
#9 279.2    850K .......... .......... .......... .......... ..........  273K
#9 279.4    900K .......... .......... .......... .......... ..........  166K
#9 279.7    950K .......... .......... .......... .......... ..........  331K
#9 279.9   1000K .......... .......... .......... .......... ..........  239K
#9 280.1   1050K .......... .......... .......... .......... ..........  259K
#9 280.3   1100K .......... .......... .......... .......... ..........  256K
#9 280.5   1150K .......... .......... .......... .......... ..........  280K
#9 280.7   1200K .......... .......... .......... .......... ..........  370K
#9 280.8   1250K .......... .......... .......... .......... ..........  293K
#9 281.0   1300K .......... .......... .......... .......... ..........  354K
#9 281.1   1350K .......... .......... .......... .......... ..........  131K
#9 281.5   1400K .......... .......... .......... .......... ..........  285K
#9 281.7   1450K .......... .......... .......... .......... ..........  281K
#9 281.8   1500K .......... .......... .......... .......... ..........  105K
#9 282.3   1550K .......... .......... .......... .......... ..........  560K
#9 282.4   1600K .......... .......... .......... .......... ..........  190K
#9 282.7   1650K .......... .......... .......... .......... ..........  172K
#9 283.0   1700K .......... .......... .......... .......... ..........  175K
#9 283.3   1750K .......... .......... .......... .......... ..........  127K
#9 283.6   1800K .......... .......... .......... .......... ..........  222K
#9 283.9   1850K .......... .......... .......... .......... ..........  176K
#9 284.2   1900K .......... .......... .......... .......... ..........  197K
#9 284.4   1950K .......... .......... .......... .......... ..........  125K
#9 284.8   2000K .......... .......... .......... .......... ..........  152K
#9 285.1   2050K .......... .......... .......... .......... ..........  186K
#9 285.4   2100K .......... .......... .......... .......... ..........  198K
#9 285.7   2150K .......... .......... .......... .......... ..........  258K
#9 285.8   2200K .......... .......... .......... .......... ..........  133K
#9 286.2   2250K .......... .......... .......... .......... ..........  287K
#9 286.4   2300K .......... .......... .......... .......... ..........  190K
#9 286.7   2350K .......... .......... .......... .......... ..........  177K
#9 286.9   2400K .......... .......... .......... .......... ..........  111K
#9 287.4   2450K .......... .......... .......... .......... .......... 86.7K
#9 288.0   2500K .......... .......... .......... .......... ..........  112K
#9 288.4   2550K .......... .......... .......... .......... ..........  178K
#9 288.7   2600K .......... .......... .......... .......... ..........  184K
#9 289.0   2650K .......... .......... .......... .......... ..........  187K
#9 289.2   2700K .......... .......... .......... .......... ..........  134K
#9 289.6   2750K .......... .......... .......... .......... ..........  148K
#9 289.9   2800K .......... .......... .......... .......... ..........  178K
#9 290.2   2850K .......... .......... .......... .......... ..........  132K
#9 290.6   2900K .......... .......... .......... .......... ..........  182K
#9 290.9   2950K .......... .......... .......... .......... ..........  170K
#9 291.2   3000K .......... .......... .......... .......... ..........  189K
#9 291.4   3050K .......... .......... .......... .......... ..........  197K
#9 291.7   3100K .......... .......... .......... .......... ..........  159K
#9 292.0   3150K .......... .......... .......... .......... ..........  195K
#9 292.3   3200K .......... .......... .......... .......... ..........  185K
#9 292.5   3250K .......... .......... .......... .......... ..........  109K
#9 293.0   3300K .......... .......... .......... .......... ..........  166K
#9 293.3   3350K .......... .......... .......... .......... ..........  173K
#9 293.6   3400K .......... .......... .......... .......... ..........  196K
#9 293.8   3450K .......... .......... .......... .......... ..........  122K
#9 294.3   3500K .......... .......... .......... .......... ..........  291K
#9 294.5   3550K .......... .......... .......... .......... ..........  191K
#9 294.7   3600K .......... .......... .......... .......... ..........  190K
#9 294.9   3650K .......... .......... .......... .......... ..........  173K
#9 295.2   3700K .......... .......... .......... .......... ..........  285K
#9 295.4   3750K .......... .......... .......... .......... ..........  246K
#9 295.6   3800K .......... .......... .......... .......... ..........  269K
#9 295.8   3850K .......... .......... .......... .......... ..........  252K
#9 296.0   3900K .......... .......... .......... .......... .......... 80.1K
#9 296.6   3950K .......... .......... .......... .......... .......... 21.4K
#9 299.0   4000K .......... .......... .......... .......... .......... 39.9K
#9 300.2   4050K .......... .......... .......... .......... .......... 64.2K
#9 301.0   4100K .......... .......... .......... .......... ..........  123K
#9 301.4   4150K .......... .......... .......... .......... ..........  179K
#9 301.7   4200K .......... .......... .......... .......... ..........  530K
#9 301.8   4250K .......... .......... .......... .......... ..........  289K
#9 301.9   4300K .......... .......... .......... .......... ..........  548K
#9 302.0   4350K .......... .......... .......... .......... ..........  289K
#9 302.2   4400K .......... .......... .......... .......... ..........  238K
#9 302.4   4450K .......... .......... .......... .......... ..........  450K
#9 302.6   4500K .......... .......... .......... .......... ..........  290K
#9 302.8   4550K .......... .......... .......... .......... ..........  205K
#9 302.9   4600K .......... .......... .......... .......... ..........  467K
#9 303.1   4650K .......... .......... .......... .......... ..........  293K
#9 303.2   4700K .......... .......... .......... .......... ..........  376K
#9 303.4   4750K .......... .......... .......... .......... ..........  387K
#9 303.5   4800K .......... .......... .......... .......... ..........  523K
#9 303.6   4850K .......... .......... .......... .......... ..........  373K
#9 303.7   4900K .......... .......... .......... .......... ..........  342K
#9 303.9   4950K .......... .......... .......... .......... ..........  332K
#9 304.0   5000K .......... .......... .......... .......... ..........  411K
#9 304.1   5050K .......... .......... .......... .......... ..........  354K
#9 304.3   5100K .......... .......... .......... .......... ..........  429K
#9 304.4   5150K .......... .......... .......... .......... ..........  580K
#9 304.5   5200K .......... .......... .......... .......... ..........  334K
#9 304.6   5250K .......... .......... .......... .......... ..........  473K
#9 304.7   5300K .......... .......... .......... .......... ..........  280K
#9 304.9   5350K .......... .......... .......... .......... ..........  544K
#9 305.0   5400K .......... .......... .......... .......... ..........  301K
#9 305.2   5450K .......... .......... .......... .......... ..........  518K
#9 305.3   5500K .......... .......... .......... .......... ..........  206K
#9 305.5   5550K .......... .......... .......... .......... ..........  351K
#9 305.7   5600K .......... .......... .......... .......... ..........  167K
#9 306.0   5650K .......... .......... .......... .......... ..........  277K
#9 306.1   5700K .......... .......... .......... .......... ..........  241K
#9 306.3   5750K .......... .......... .......... .......... ..........  214K
#9 306.6   5800K .......... .......... .......... .......... ..........  243K
#9 306.8   5850K .......... .......... .......... .......... ..........  317K
#9 306.9   5900K .......... .......... .......... .......... ..........  238K
#9 307.1   5950K .......... .......... .......... .......... ..........  384K
#9 307.3   6000K .......... .......... .......... .......... ..........  343K
#9 307.4   6050K .......... .......... .......... .......... ..........  291K
#9 307.6   6100K .......... .......... .......... .......... ..........  422K
#9 307.7   6150K .......... .......... .......... .......... ..........  162K
#9 308.0   6200K .......... .......... .......... .......... ..........  707K
#9 308.1   6250K .......... .......... .......... .......... ..........  252K
#9 308.3   6300K .......... .......... .......... .......... ..........  247K
#9 308.5   6350K .......... .......... .......... .......... ..........  423K
#9 308.6   6400K .......... .......... .......... .......... ..........  316K
#9 308.8   6450K .......... .......... .......... .......... ..........  302K
#9 308.9   6500K .......... .......... .......... .......... ..........  281K
#9 309.1   6550K .......... .......... .......... .......... ..........  254K
#9 309.3   6600K .......... .......... .......... .......... ..........  227K
#9 309.5   6650K .......... .......... .......... .......... ..........  159K
#9 309.8   6700K .......... .......... .......... .......... ..........  292K
#9 310.1   6750K .......... .......... .......... .......... ..........  292K
#9 310.2   6800K .......... .......... .......... .......... ..........  190K
#9 310.4   6850K .......... .......... .......... .......... ..........  180K
#9 310.8   6900K .......... .......... .......... .......... ..........  141K
#9 311.1   6950K .......... .......... .......... .......... ..........  143K
#9 311.4   7000K .......... .......... .......... .......... ..........  192K
#9 311.7   7050K .......... .......... .......... .......... ..........  145K
#9 312.1   7100K .......... .......... .......... .......... ..........  164K
#9 312.3   7150K .......... .......... .......... .......... ..........  148K
#9 312.7   7200K .......... .......... .......... .......... ..........  157K
#9 313.0   7250K .......... .......... .......... .......... ..........  288K
#9 313.2   7300K .......... .......... .......... .......... ..........  192K
#9 313.4   7350K .......... .......... .......... .......... ..........  201K
#9 313.8   7400K .......... .......... .......... .......... ..........  163K
#9 314.0   7450K .......... .......... .......... .......... ..........  226K
#9 314.2   7500K .......... .......... .......... .......... ..........  207K
#9 314.5   7550K .......... .......... .......... .......... ..........  164K
#9 314.8   7600K .......... .......... .......... .......... ..........  187K
#9 315.0   7650K .......... .......... .......... .......... ..........  104K
#9 315.5   7700K .......... .......... .......... .......... ..........  212K
#9 315.7   7750K .......... .......... .......... .......... ..........  197K
#9 316.0   7800K .......... .......... .......... .......... ..........  111K
#9 316.4   7850K .......... .......... .......... .......... ..........  195K
#9 316.7   7900K .......... .......... .......... .......... ..........  183K
#9 317.0   7950K .......... .......... .......... .......... ..........  130K
#9 317.4   8000K .......... .......... .......... .......... ..........  193K
#9 317.6   8050K .......... .......... .......... .......... ..........  185K
#9 317.9   8100K .......... .......... .......... .......... ..........  149K
#9 318.2   8150K .......... .......... .......... .......... ..........  441K
#9 318.4   8200K .......... .......... .......... ...                    192K=44s
#9 318.5 
#9 318.5 2026-08-17 02:24:31 (188 KB/s) - ‘.cs_tmp.zip’ saved [8430939]
#9 318.5 
#9 318.5 Archive:  .cs_tmp.zip
#9 318.5 8455b3c5a53b02e524494c7e72a3946a32518170
#9 318.5    creating: capstone-8455b3c5a53b02e524494c7e72a3946a32518170/
#9 318.5   inflating: capstone-8455b3c5a53b02e524494c7e72a3946a32518170/.appveyor.yml  
#9 318.5   inflating: capstone-8455b3c5a53b02e524494c7e72a3946a32518170/.clang-format  
#9 318.5   inflating: capstone-8455b3c5a53b02e524494c7e72a3946a32518170/.editorconfig  
#9 318.5  extracting: capstone-8455b3c5a53b02e524494c7e72a3946a32518170/.gitattributes  
#9 318.5    creating: capstone-8455b3c5a53b02e524494c7e72a3946a32518170/.github/
#9 318.5    creating: capstone-8455b3c5a53b02e524494c7e72a3946a32518170/.github/workflows/
#9 318.5   inflating: capstone-8455b3c5a53b02e524494c7e72a3946a32518170/.github/workflows/CITest.yml  
#9 318.5   inflating: capstone-8455b3c5a53b02e524494c7e72a3946a32518170/.github/workflows/build_release.yml  
#9 318.5   inflating: capstone-8455b3c5a53b02e524494c7e72a3946a32518170/.github/workflows/fuzz.yml  
#9 318.5   inflating: capstone-8455b3c5a53b02e524494c7e72a3946a32518170/.github/workflows/python-publish-release.yml  
#9 318.5   inflating: capstone-8455b3c5a53b02e524494c7e72a3946a32518170/.github/workflows/python-tests.yml  
#9 318.5   inflating: capstone-8455b3c5a53b02e524494c7e72a3946a32518170/.gitignore  
#9 318.5   inflating: capstone-8455b3c5a53b02e524494c7e72a3946a32518170/.travis.yml  
#9 318.5   inflating: capstone-8455b3c5a53b02e524494c7e72a3946a32518170/CMakeLists.txt  
#9 318.5   inflating: capstone-8455b3c5a53b02e524494c7e72a3946a32518170/CMakePresets.json  
#9 318.5   inflating: capstone-8455b3c5a53b02e524494c7e72a3946a32518170/COMPILE.TXT  
#9 318.5   inflating: capstone-8455b3c5a53b02e524494c7e72a3946a32518170/COMPILE_CMAKE.TXT  
#9 318.5   inflating: capstone-8455b3c5a53b02e524494c7e72a3946a32518170/COMPILE_MSVC.TXT  
#9 318.5   inflating: capstone-8455b3c5a53b02e524494c7e72a3946a32518170/CREDITS.TXT  
#9 318.5   inflating: capstone-8455b3c5a53b02e524494c7e72a3946a32518170/ChangeLog  
#9 318.5   inflating: capstone-8455b3c5a53b02e524494c7e72a3946a32518170/HACK.TXT  
#9 318.5   inflating: capstone-8455b3c5a53b02e524494c7e72a3946a32518170/LEB128.h  
#9 318.5   inflating: capstone-8455b3c5a53b02e524494c7e72a3946a32518170/LICENSE.TXT  
#9 318.5   inflating: capstone-8455b3c5a53b02e524494c7e72a3946a32518170/LICENSE_LLVM.TXT  
#9 318.5   inflating: capstone-8455b3c5a53b02e524494c7e72a3946a32518170/MCDisassembler.h  
#9 318.5   inflating: capstone-8455b3c5a53b02e524494c7e72a3946a32518170/MCFixedLenDisassembler.h  
#9 318.5   inflating: capstone-8455b3c5a53b02e524494c7e72a3946a32518170/MCInst.c  
#9 318.5   inflating: capstone-8455b3c5a53b02e524494c7e72a3946a32518170/MCInst.h  
#9 318.5   inflating: capstone-8455b3c5a53b02e524494c7e72a3946a32518170/MCInstrDesc.c  
#9 318.5   inflating: capstone-8455b3c5a53b02e524494c7e72a3946a32518170/MCInstrDesc.h  
#9 318.5   inflating: capstone-8455b3c5a53b02e524494c7e72a3946a32518170/MCRegisterInfo.c  
#9 318.5   inflating: capstone-8455b3c5a53b02e524494c7e72a3946a32518170/MCRegisterInfo.h  
#9 318.5   inflating: capstone-8455b3c5a53b02e524494c7e72a3946a32518170/Makefile  
#9 318.5   inflating: capstone-8455b3c5a53b02e524494c7e72a3946a32518170/Mapping.c  
#9 318.5   inflating: capstone-8455b3c5a53b02e524494c7e72a3946a32518170/Mapping.h  
#9 318.5   inflating: capstone-8455b3c5a53b02e524494c7e72a3946a32518170/MathExtras.h  
#9 318.5   inflating: capstone-8455b3c5a53b02e524494c7e72a3946a32518170/README.md  
#9 318.5  extracting: capstone-8455b3c5a53b02e524494c7e72a3946a32518170/RELEASE_NOTES  
#9 318.5   inflating: capstone-8455b3c5a53b02e524494c7e72a3946a32518170/SPONSORS.TXT  
#9 318.5   inflating: capstone-8455b3c5a53b02e524494c7e72a3946a32518170/SStream.c  
#9 318.5   inflating: capstone-8455b3c5a53b02e524494c7e72a3946a32518170/SStream.h  
#9 318.5    creating: capstone-8455b3c5a53b02e524494c7e72a3946a32518170/arch/
#9 318.5    creating: capstone-8455b3c5a53b02e524494c7e72a3946a32518170/arch/AArch64/
#9 318.5   inflating: capstone-8455b3c5a53b02e524494c7e72a3946a32518170/arch/AArch64/AArch64AddressingModes.h  
#9 318.5   inflating: capstone-8455b3c5a53b02e524494c7e72a3946a32518170/arch/AArch64/AArch64BaseInfo.c  
#9 318.5   inflating: capstone-8455b3c5a53b02e524494c7e72a3946a32518170/arch/AArch64/AArch64BaseInfo.h  
#9 318.5   inflating: capstone-8455b3c5a53b02e524494c7e72a3946a32518170/arch/AArch64/AArch64Disassembler.c  
#9 318.5   inflating: capstone-8455b3c5a53b02e524494c7e72a3946a32518170/arch/AArch64/AArch64Disassembler.h  
#9 318.5   inflating: capstone-8455b3c5a53b02e524494c7e72a3946a32518170/arch/AArch64/AArch64GenAsmWriter.inc  
#9 318.5   inflating: capstone-8455b3c5a53b02e524494c7e72a3946a32518170/arch/AArch64/AArch64GenDisassemblerTables.inc  
#9 318.5   inflating: capstone-8455b3c5a53b02e524494c7e72a3946a32518170/arch/AArch64/AArch64GenInstrInfo.inc  
#9 318.5   inflating: capstone-8455b3c5a53b02e524494c7e72a3946a32518170/arch/AArch64/AArch64GenRegisterInfo.inc  
#9 318.5   inflating: capstone-8455b3c5a53b02e524494c7e72a3946a32518170/arch/AArch64/AArch64GenRegisterName.inc  
#9 318.5   inflating: capstone-8455b3c5a53b02e524494c7e72a3946a32518170/arch/AArch64/AArch64GenRegisterV.inc  
#9 318.5   inflating: capstone-8455b3c5a53b02e524494c7e72a3946a32518170/arch/AArch64/AArch64GenSubtargetInfo.inc  
#9 318.5   inflating: capstone-8455b3c5a53b02e524494c7e72a3946a32518170/arch/AArch64/AArch64GenSystemOperands.inc  
#9 318.5   inflating: capstone-8455b3c5a53b02e524494c7e72a3946a32518170/arch/AArch64/AArch64GenSystemOperands_enum.inc 
 
#9 318.5   inflating: capstone-8455b3c5a53b02e524494c7e72a3946a32518170/arch/AArch64/AArch64InstPrinter.c  
#9 318.5   inflating: capstone-8455b3c5a53b02e524494c7e72a3946a32518170/arch/AArch64/AArch64InstPrinter.h  
#9 318.5   inflating: capstone-8455b3c5a53b02e524494c7e72a3946a32518170/arch/AArch64/AArch64Mapping.c  
#9 318.5   inflating: capstone-8455b3c5a53b02e524494c7e72a3946a32518170/arch/AArch64/AArch64Mapping.h  
#9 318.5   inflating: capstone-8455b3c5a53b02e524494c7e72a3946a32518170/arch/AArch64/AArch64MappingInsn.inc  
#9 318.5   inflating: capstone-8455b3c5a53b02e524494c7e72a3946a32518170/arch/AArch64/AArch64MappingInsnName.inc  
#9 318.5   inflating: capstone-8455b3c5a53b02e524494c7e72a3946a32518170/arch/AArch64/AArch64MappingInsnOp.inc  
#9 318.5   inflating: capstone-8455b3c5a53b02e524494c7e72a3946a32518170/arch/AArch64/AArch64Module.c  
#9 318.5   inflating: capstone-8455b3c5a53b02e524494c7e72a3946a32518170/arch/AArch64/AArch64Module.h  
#9 318.5    creating: capstone-8455b3c5a53b02e524494c7e72a3946a32518170/arch/ARM/
#9 318.5   inflating: capstone-8455b3c5a53b02e524494c7e72a3946a32518170/arch/ARM/ARMAddressingModes.h  
#9 318.5   inflating: capstone-8455b3c5a53b02e524494c7e72a3946a32518170/arch/ARM/ARMBaseInfo.h  
#9 318.5   inflating: capstone-8455b3c5a53b02e524494c7e72a3946a32518170/arch/ARM/ARMDisassembler.c  
#9 318.5   inflating: capstone-8455b3c5a53b02e524494c7e72a3946a32518170/arch/ARM/ARMDisassembler.h  
#9 318.5   inflating: capstone-8455b3c5a53b02e524494c7e72a3946a32518170/arch/ARM/ARMGenAsmWriter.inc  
#9 318.5   inflating: capstone-8455b3c5a53b02e524494c7e72a3946a32518170/arch/ARM/ARMGenDisassemblerTables.inc  
#9 318.5   inflating: capstone-8455b3c5a53b02e524494c7e72a3946a32518170/arch/ARM/ARMGenInstrInfo.inc  
#9 318.5   inflating: capstone-8455b3c5a53b02e524494c7e72a3946a32518170/arch/ARM/ARMGenRegisterInfo.inc  
#9 318.5   inflating: capstone-8455b3c5a53b02e524494c7e72a3946a32518170/arch/ARM/ARMGenRegisterName.inc  
#9 318.5   inflating: capstone-8455b3c5a53b02e524494c7e72a3946a32518170/arch/ARM/ARMGenRegisterName_digit.inc  
#9 318.5   inflating: capstone-8455b3c5a53b02e524494c7e72a3946a32518170/arch/ARM/ARMGenSubtargetInfo.inc  
#9 318.5   inflating: capstone-8455b3c5a53b02e524494c7e72a3946a32518170/arch/ARM/ARMGenSystemRegister.inc  
#9 318.5   inflating: capstone-8455b3c5a53b02e524494c7e72a3946a32518170/arch/ARM/ARMInstPrinter.c  
#9 318.5   inflating: capstone-8455b3c5a53b02e524494c7e72a3946a32518170/arch/ARM/ARMInstPrinter.h  
#9 318.5   inflating: capstone-8455b3c5a53b02e524494c7e72a3946a32518170/arch/ARM/ARMMapping.c  
#9 318.5   inflating: capstone-8455b3c5a53b02e524494c7e72a3946a32518170/arch/ARM/ARMMapping.h  
#9 318.5   inflating: capstone-8455b3c5a53b02e524494c7e72a3946a32518170/arch/ARM/ARMMappingInsn.inc  
#9 318.5   inflating: capstone-8455b3c5a53b02e524494c7e72a3946a32518170/arch/ARM/ARMMappingInsnName.inc  
#9 318.5   inflating: capstone-8455b3c5a53b02e524494c7e72a3946a32518170/arch/ARM/ARMMappingInsnOp.inc  
#9 318.5   inflating: capstone-8455b3c5a53b02e524494c7e72a3946a32518170/arch/ARM/ARMModule.c  
#9 318.5   inflating: capstone-8455b3c5a53b02e524494c7e72a3946a32518170/arch/ARM/ARMModule.h  
#9 318.5    creating: capstone-8455b3c5a53b02e524494c7e72a3946a32518170/arch/BPF/
#9 318.5   inflating: capstone-8455b3c5a53b02e524494c7e72a3946a32518170/arch/BPF/BPFConstants.h  
#9 318.5   inflating: capstone-8455b3c5a53b02e524494c7e72a3946a32518170/arch/BPF/BPFDisassembler.c  
#9 318.5   inflating: capstone-8455b3c5a53b02e524494c7e72a3946a32518170/arch/BPF/BPFDisassembler.h  
#9 318.5   inflating: capstone-8455b3c5a53b02e524494c7e72a3946a32518170/arch/BPF/BPFInstPrinter.c  
#9 318.5   inflating: capstone-8455b3c5a53b02e524494c7e72a3946a32518170/arch/BPF/BPFInstPrinter.h  
#9 318.5   inflating: capstone-8455b3c5a53b02e524494c7e72a3946a32518170/arch/BPF/BPFMapping.c  
#9 318.5   inflating: capstone-8455b3c5a53b02e524494c7e72a3946a32518170/arch/BPF/BPFMapping.h  
#9 318.5   inflating: capstone-8455b3c5a53b02e524494c7e72a3946a32518170/arch/BPF/BPFModule.c  
#9 318.5   inflating: capstone-8455b3c5a53b02e524494c7e72a3946a32518170/arch/BPF/BPFModule.h  
#9 318.5    creating: capstone-8455b3c5a53b02e524494c7e72a3946a32518170/arch/EVM/
#9 318.5   inflating: capstone-8455b3c5a53b02e524494c7e72a3946a32518170/arch/EVM/EVMDisassembler.c  
#9 318.5   inflating: capstone-8455b3c5a53b02e524494c7e72a3946a32518170/arch/EVM/EVMDisassembler.h  
#9 318.5   inflating: capstone-8455b3c5a53b02e524494c7e72a3946a32518170/arch/EVM/EVMInstPrinter.c  
#9 318.5   inflating: capstone-8455b3c5a53b02e524494c7e72a3946a32518170/arch/EVM/EVMInstPrinter.h  
#9 318.5   inflating: capstone-8455b3c5a53b02e524494c7e72a3946a32518170/arch/EVM/EVMMapping.c  
#9 318.5   inflating: capstone-8455b3c5a53b02e524494c7e72a3946a32518170/arch/EVM/EVMMapping.h  
#9 318.5   inflating: capstone-8455b3c5a53b02e524494c7e72a3946a32518170/arch/EVM/EVMMappingInsn.inc  
#9 318.5   inflating: capstone-8455b3c5a53b02e524494c7e72a3946a32518170/arch/EVM/EVMModule.c  
#9 318.5   inflating: capstone-8455b3c5a53b02e524494c7e72a3946a32518170/arch/EVM/EVMModule.h  
#9 318.6    creating: capstone-8455b3c5a53b02e524494c7e72a3946a32518170/arch/M680X/
#9 318.6   inflating: capstone-8455b3c5a53b02e524494c7e72a3946a32518170/arch/M680X/M680XDisassembler.c  
#9 318.6   inflating: capstone-8455b3c5a53b02e524494c7e72a3946a32518170/arch/M680X/M680XDisassembler.h  
#9 318.6   inflating: capstone-8455b3c5a53b02e524494c7e72a3946a32518170/arch/M680X/M680XDisassemblerInternals.h  
#9 318.6   inflating: capstone-8455b3c5a53b02e524494c7e72a3946a32518170/arch/M680X/M680XInstPrinter.c  
#9 318.6   inflating: capstone-8455b3c5a53b02e524494c7e72a3946a32518170/arch/M680X/M680XInstPrinter.h  
#9 318.6   inflating: capstone-8455b3c5a53b02e524494c7e72a3946a32518170/arch/M680X/M680XModule.c  
#9 318.6   inflating: capstone-8455b3c5a53b02e524494c7e72a3946a32518170/arch/M680X/M680XModule.h  
#9 318.6   inflating: capstone-8455b3c5a53b02e524494c7e72a3946a32518170/arch/M680X/cpu12.inc  
#9 318.6   inflating: capstone-8455b3c5a53b02e524494c7e72a3946a32518170/arch/M680X/hcs08.inc  
#9 318.6   inflating: capstone-8455b3c5a53b02e524494c7e72a3946a32518170/arch/M680X/hd6301.inc  
#9 318.6   inflating: capstone-8455b3c5a53b02e524494c7e72a3946a32518170/arch/M680X/hd6309.inc  
#9 318.6   inflating: capstone-8455b3c5a53b02e524494c7e72a3946a32518170/arch/M680X/insn_props.inc  
#9 318.6   inflating: capstone-8455b3c5a53b02e524494c7e72a3946a32518170/arch/M680X/m6800.inc  
#9 318.6   inflating: capstone-8455b3c5a53b02e524494c7e72a3946a32518170/arch/M680X/m6801.inc  
#9 318.6   inflating: capstone-8455b3c5a53b02e524494c7e72a3946a32518170/arch/M680X/m6805.inc  
#9 318.6   inflating: capstone-8455b3c5a53b02e524494c7e72a3946a32518170/arch/M680X/m6808.inc  
#9 318.6   inflating: capstone-8455b3c5a53b02e524494c7e72a3946a32518170/arch/M680X/m6809.inc  
#9 318.6   inflating: capstone-8455b3c5a53b02e524494c7e72a3946a32518170/arch/M680X/m6811.inc  
#9 318.6    creating: capstone-8455b3c5a53b02e524494c7e72a3946a32518170/arch/M68K/
#9 318.6   inflating: capstone-8455b3c5a53b02e524494c7e72a3946a32518170/arch/M68K/M68KDisassembler.c  
#9 318.6   inflating: capstone-8455b3c5a53b02e524494c7e72a3946a32518170/arch/M68K/M68KDisassembler.h  
#9 318.6   inflating: capstone-8455b3c5a53b02e524494c7e72a3946a32518170/arch/M68K/M68KInstPrinter.c  
#9 318.6   inflating: capstone-8455b3c5a53b02e524494c7e72a3946a32518170/arch/M68K/M68KInstPrinter.h  
#9 318.6   inflating: capstone-8455b3c5a53b02e524494c7e72a3946a32518170/arch/M68K/M68KInstructionTable.inc  
#9 318.6   inflating: capstone-8455b3c5a53b02e524494c7e72a3946a32518170/arch/M68K/M68KModule.c  
#9 318.6   inflating: capstone-8455b3c5a53b02e524494c7e72a3946a32518170/arch/M68K/M68KModule.h  
#9 318.6    creating: capstone-8455b3c5a53b02e524494c7e72a3946a32518170/arch/MOS65XX/
#9 318.6   inflating: capstone-8455b3c5a53b02e524494c7e72a3946a32518170/arch/MOS65XX/MOS65XXDisassembler.c  
#9 318.6   inflating: capstone-8455b3c5a53b02e524494c7e72a3946a32518170/arch/MOS65XX/MOS65XXDisassembler.h  
#9 318.6   inflating: capstone-8455b3c5a53b02e524494c7e72a3946a32518170/arch/MOS65XX/MOS65XXDisassemblerInternals.h  
#9 318.6   inflating: capstone-8455b3c5a53b02e524494c7e72a3946a32518170/arch/MOS65XX/MOS65XXModule.c  
#9 318.6   inflating: capstone-8455b3c5a53b02e524494c7e72a3946a32518170/arch/MOS65XX/MOS65XXModule.h  
#9 318.6   inflating: capstone-8455b3c5a53b02e524494c7e72a3946a32518170/arch/MOS65XX/instruction_info.inc  
#9 318.6   inflating: capstone-8455b3c5a53b02e524494c7e72a3946a32518170/arch/MOS65XX/m6502.inc  
#9 318.6   inflating: capstone-8455b3c5a53b02e524494c7e72a3946a32518170/arch/MOS65XX/m65816.inc  
#9 318.6   inflating: capstone-8455b3c5a53b02e524494c7e72a3946a32518170/arch/MOS65XX/m65c02.inc  
#9 318.6   inflating: capstone-8455b3c5a53b02e524494c7e72a3946a32518170/arch/MOS65XX/mw65c02.inc  
#9 318.6    creating: capstone-8455b3c5a53b02e524494c7e72a3946a32518170/arch/Mips/
#9 318.6   inflating: capstone-8455b3c5a53b02e524494c7e72a3946a32518170/arch/Mips/MipsDisassembler.c  
#9 318.6   inflating: capstone-8455b3c5a53b02e524494c7e72a3946a32518170/arch/Mips/MipsDisassembler.h  
#9 318.6   inflating: capstone-8455b3c5a53b02e524494c7e72a3946a32518170/arch/Mips/MipsGenAsmWriter.inc  
#9 318.6   inflating: capstone-8455b3c5a53b02e524494c7e72a3946a32518170/arch/Mips/MipsGenDisassemblerTables.inc  
#9 318.6   inflating: capstone-8455b3c5a53b02e524494c7e72a3946a32518170/arch/Mips/MipsGenInstrInfo.inc  
#9 318.6   inflating: capstone-8455b3c5a53b02e524494c7e72a3946a32518170/arch/Mips/MipsGenRegisterInfo.inc  
#9 318.6   inflating: capstone-8455b3c5a53b02e524494c7e72a3946a32518170/arch/Mips/MipsGenSubtargetInfo.inc  
#9 318.6   inflating: capstone-8455b3c5a53b02e524494c7e72a3946a32518170/arch/Mips/MipsInstPrinter.c  
#9 318.6   inflating: capstone-8455b3c5a53b02e524494c7e72a3946a32518170/arch/Mips/MipsInstPrinter.h  
#9 318.6   inflating: capstone-8455b3c5a53b02e524494c7e72a3946a32518170/arch/Mips/MipsMapping.c  
#9 318.6   inflating: capstone-8455b3c5a53b02e524494c7e72a3946a32518170/arch/Mips/MipsMapping.h  
#9 318.6   inflating: capstone-8455b3c5a53b02e524494c7e72a3946a32518170/arch/Mips/MipsMappingInsn.inc  
#9 318.6   inflating: capstone-8455b3c5a53b02e524494c7e72a3946a32518170/arch/Mips/MipsModule.c  
#9 318.6   inflating: capstone-8455b3c5a53b02e524494c7e72a3946a32518170/arch/Mips/MipsModule.h  
#9 318.6    creating: capstone-8455b3c5a53b02e524494c7e72a3946a32518170/arch/PowerPC/
#9 318.6   inflating: capstone-8455b3c5a53b02e524494c7e72a3946a32518170/arch/PowerPC/PPCDisassembler.c  
#9 318.6   inflating: capstone-8455b3c5a53b02e524494c7e72a3946a32518170/arch/PowerPC/PPCDisassembler.h  
#9 318.6   inflating: capstone-8455b3c5a53b02e524494c7e72a3946a32518170/arch/PowerPC/PPCGenAsmWriter.inc  
#9 318.6   inflating: capstone-8455b3c5a53b02e524494c7e72a3946a32518170/arch/PowerPC/PPCGenDisassemblerTables.inc  
#9 318.6   inflating: capstone-8455b3c5a53b02e524494c7e72a3946a32518170/arch/PowerPC/PPCGenInstrInfo.inc  
#9 318.6   inflating: capstone-8455b3c5a53b02e524494c7e72a3946a32518170/arch/PowerPC/PPCGenRegisterInfo.inc  
#9 318.6   inflating: capstone-8455b3c5a53b02e524494c7e72a3946a32518170/arch/PowerPC/PPCGenRegisterName.inc  
#9 318.6   inflating: capstone-8455b3c5a53b02e524494c7e72a3946a32518170/arch/PowerPC/PPCGenSubtargetInfo.inc  
#9 318.6   inflating: capstone-8455b3c5a53b02e524494c7e72a3946a32518170/arch/PowerPC/PPCInstPrinter.c  
#9 318.6   inflating: capstone-8455b3c5a53b02e524494c7e72a3946a32518170/arch/PowerPC/PPCInstPrinter.h  
#9 318.6   inflating: capstone-8455b3c5a53b02e524494c7e72a3946a32518170/arch/PowerPC/PPCMapping.c  
#9 318.6   inflating: capstone-8455b3c5a53b02e524494c7e72a3946a32518170/arch/PowerPC/PPCMapping.h  
#9 318.6   inflating: capstone-8455b3c5a53b02e524494c7e72a3946a32518170/arch/PowerPC/PPCMappingInsn.inc  
#9 318.6   inflating: capstone-8455b3c5a53b02e524494c7e72a3946a32518170/arch/PowerPC/PPCMappingInsnName.inc  
#9 318.6   inflating: capstone-8455b3c5a53b02e524494c7e72a3946a32518170/arch/PowerPC/PPCModule.c  
#9 318.6   inflating: capstone-8455b3c5a53b02e524494c7e72a3946a32518170/arch/PowerPC/PPCModule.h  
#9 318.6   inflating: capstone-8455b3c5a53b02e524494c7e72a3946a32518170/arch/PowerPC/PPCPredicates.h  
#9 318.6    creating: capstone-8455b3c5a53b02e524494c7e72a3946a32518170/arch/RISCV/
#9 318.6   inflating: capstone-8455b3c5a53b02e524494c7e72a3946a32518170/arch/RISCV/RISCVBaseInfo.h  
#9 318.6   inflating: capstone-8455b3c5a53b02e524494c7e72a3946a32518170/arch/RISCV/RISCVDisassembler.c  
#9 318.6   inflating: capstone-8455b3c5a53b02e524494c7e72a3946a32518170/arch/RISCV/RISCVDisassembler.h  
#9 318.6   inflating: capstone-8455b3c5a53b02e524494c7e72a3946a32518170/arch/RISCV/RISCVGenAsmWriter.inc  
#9 318.6   inflating: capstone-8455b3c5a53b02e524494c7e72a3946a32518170/arch/RISCV/RISCVGenDisassemblerTables.inc  
#9 318.6   inflating: capstone-8455b3c5a53b02e524494c7e72a3946a32518170/arch/RISCV/RISCVGenInsnNameMaps.inc  
#9 318.6   inflating: capstone-8455b3c5a53b02e524494c7e72a3946a32518170/arch/RISCV/RISCVGenInstrInfo.inc  
#9 318.6   inflating: capstone-8455b3c5a53b02e524494c7e72a3946a32518170/arch/RISCV/RISCVGenRegisterInfo.inc  
#9 318.6   inflating: capstone-8455b3c5a53b02e524494c7e72a3946a32518170/arch/RISCV/RISCVGenSubtargetInfo.inc  
#9 318.6   inflating: capstone-8455b3c5a53b02e524494c7e72a3946a32518170/arch/RISCV/RISCVInstPrinter.c  
#9 318.6   inflating: capstone-8455b3c5a53b02e524494c7e72a3946a32518170/arch/RISCV/RISCVInstPrinter.h  
#9 318.6   inflating: capstone-8455b3c5a53b02e524494c7e72a3946a32518170/arch/RISCV/RISCVMapping.c  
#9 318.6   inflating: capstone-8455b3c5a53b02e524494c7e72a3946a32518170/arch/RISCV/RISCVMapping.h  
#9 318.6   inflating: capstone-8455b3c5a53b02e524494c7e72a3946a32518170/arch/RISCV/RISCVMappingInsn.inc  
#9 318.6   inflating: capstone-8455b3c5a53b02e524494c7e72a3946a32518170/arch/RISCV/RISCVModule.c  
#9 318.6   inflating: capstone-8455b3c5a53b02e524494c7e72a3946a32518170/arch/RISCV/RISCVModule.h  
#9 318.6    creating: capstone-8455b3c5a53b02e524494c7e72a3946a32518170/arch/SH/
#9 318.6   inflating: capstone-8455b3c5a53b02e524494c7e72a3946a32518170/arch/SH/SHDisassembler.c  
#9 318.6   inflating: capstone-8455b3c5a53b02e524494c7e72a3946a32518170/arch/SH/SHDisassembler.h  
#9 318.6   inflating: capstone-8455b3c5a53b02e524494c7e72a3946a32518170/arch/SH/SHInsnTable.inc  
#9 318.6   inflating: capstone-8455b3c5a53b02e524494c7e72a3946a32518170/arch/SH/SHInstPrinter.c  
#9 318.6   inflating: capstone-8455b3c5a53b02e524494c7e72a3946a32518170/arch/SH/SHInstPrinter.h  
#9 318.6   inflating: capstone-8455b3c5a53b02e524494c7e72a3946a32518170/arch/SH/SHModule.c  
#9 318.6   inflating: capstone-8455b3c5a53b02e524494c7e72a3946a32518170/arch/SH/SHModule.h  
#9 318.6   inflating: capstone-8455b3c5a53b02e524494c7e72a3946a32518170/arch/SH/mktable.rb  
#9 318.6    creating: capstone-8455b3c5a53b02e524494c7e72a3946a32518170/arch/Sparc/
#9 318.6   inflating: capstone-8455b3c5a53b02e524494c7e72a3946a32518170/arch/Sparc/Sparc.h  
#9 318.6   inflating: capstone-8455b3c5a53b02e524494c7e72a3946a32518170/arch/Sparc/SparcDisassembler.c  
#9 318.6   inflating: capstone-8455b3c5a53b02e524494c7e72a3946a32518170/arch/Sparc/SparcDisassembler.h  
#9 318.6   inflating: capstone-8455b3c5a53b02e524494c7e72a3946a32518170/arch/Sparc/SparcGenAsmWriter.inc  
#9 318.6   inflating: capstone-8455b3c5a53b02e524494c7e72a3946a32518170/arch/Sparc/SparcGenDisassemblerTables.inc  
#9 318.6   inflating: capstone-8455b3c5a53b02e524494c7e72a3946a32518170/arch/Sparc/SparcGenInstrInfo.inc  
#9 318.6   inflating: capstone-8455b3c5a53b02e524494c7e72a3946a32518170/arch/Sparc/SparcGenRegisterInfo.inc  
#9 318.6   inflating: capstone-8455b3c5a53b02e524494c7e72a3946a32518170/arch/Sparc/SparcGenSubtargetInfo.inc  
#9 318.6   inflating: capstone-8455b3c5a53b02e524494c7e72a3946a32518170/arch/Sparc/SparcInstPrinter.c  
#9 318.6   inflating: capstone-8455b3c5a53b02e524494c7e72a3946a32518170/arch/Sparc/SparcInstPrinter.h  
#9 318.6   inflating: capstone-8455b3c5a53b02e524494c7e72a3946a32518170/arch/Sparc/SparcMapping.c  
#9 318.6   inflating: capstone-8455b3c5a53b02e524494c7e72a3946a32518170/arch/Sparc/SparcMapping.h  
#9 318.6   inflating: capstone-8455b3c5a53b02e524494c7e72a3946a32518170/arch/Sparc/SparcMappingInsn.inc  
#9 318.6   inflating: capstone-8455b3c5a53b02e524494c7e72a3946a32518170/arch/Sparc/SparcModule.c  
#9 318.6   inflating: capstone-8455b3c5a53b02e524494c7e72a3946a32518170/arch/Sparc/SparcModule.h  
#9 318.6    creating: capstone-8455b3c5a53b02e524494c7e72a3946a32518170/arch/SystemZ/
#9 318.6   inflating: capstone-8455b3c5a53b02e524494c7e72a3946a32518170/arch/SystemZ/SystemZDisassembler.c  
#9 318.6   inflating: capstone-8455b3c5a53b02e524494c7e72a3946a32518170/arch/SystemZ/SystemZDisassembler.h  
#9 318.6   inflating: capstone-8455b3c5a53b02e524494c7e72a3946a32518170/arch/SystemZ/SystemZGenAsmWriter.inc  
#9 318.6   inflating: capstone-8455b3c5a53b02e524494c7e72a3946a32518170/arch/SystemZ/SystemZGenDisassemblerTables.inc  
#9 318.6   inflating: capstone-8455b3c5a53b02e524494c7e72a3946a32518170/arch/SystemZ/SystemZGenInsnNameMaps.inc  
#9 318.6   inflating: capstone-8455b3c5a53b02e524494c7e72a3946a32518170/arch/SystemZ/SystemZGenInstrInfo.inc  
#9 318.6   inflating: capstone-8455b3c5a53b02e524494c7e72a3946a32518170/arch/SystemZ/SystemZGenRegisterInfo.inc  
#9 318.6   inflating: capstone-8455b3c5a53b02e524494c7e72a3946a32518170/arch/SystemZ/SystemZGenSubtargetInfo.inc  
#9 318.6   inflating: capstone-8455b3c5a53b02e524494c7e72a3946a32518170/arch/SystemZ/SystemZInstPrinter.c  
#9 318.6   inflating: capstone-8455b3c5a53b02e524494c7e72a3946a32518170/arch/SystemZ/SystemZInstPrinter.h  
#9 318.6   inflating: capstone-8455b3c5a53b02e524494c7e72a3946a32518170/arch/SystemZ/SystemZMCTargetDesc.c  
#9 318.6   inflating: capstone-8455b3c5a53b02e524494c7e72a3946a32518170/arch/SystemZ/SystemZMCTargetDesc.h  
#9 318.6   inflating: capstone-8455b3c5a53b02e524494c7e72a3946a32518170/arch/SystemZ/SystemZMapping.c  
#9 318.6   inflating: capstone-8455b3c5a53b02e524494c7e72a3946a32518170/arch/SystemZ/SystemZMapping.h  
#9 318.6   inflating: capstone-8455b3c5a53b02e524494c7e72a3946a32518170/arch/SystemZ/SystemZMappingInsn.inc  
#9 318.6   inflating: capstone-8455b3c5a53b02e524494c7e72a3946a32518170/arch/SystemZ/SystemZModule.c  
#9 318.6   inflating: capstone-8455b3c5a53b02e524494c7e72a3946a32518170/arch/SystemZ/SystemZModule.h  
#9 318.6    creating: capstone-8455b3c5a53b02e524494c7e72a3946a32518170/arch/TMS320C64x/
#9 318.6   inflating: capstone-8455b3c5a53b02e524494c7e72a3946a32518170/arch/TMS320C64x/TMS320C64xDisassembler.c  
#9 318.6   inflating: capstone-8455b3c5a53b02e524494c7e72a3946a32518170/arch/TMS320C64x/TMS320C64xDisassembler.h  
#9 318.6   inflating: capstone-8455b3c5a53b02e524494c7e72a3946a32518170/arch/TMS320C64x/TMS320C64xGenAsmWriter.inc  
#9 318.6   inflating: capstone-8455b3c5a53b02e524494c7e72a3946a32518170/arch/TMS320C64x/TMS320C64xGenDisassemblerTables
.inc  
#9 318.6   inflating: capstone-8455b3c5a53b02e524494c7e72a3946a32518170/arch/TMS320C64x/TMS320C64xGenInstrInfo.inc  
#9 318.6   inflating: capstone-8455b3c5a53b02e524494c7e72a3946a32518170/arch/TMS320C64x/TMS320C64xGenRegisterInfo.inc  
#9 318.6   inflating: capstone-8455b3c5a53b02e524494c7e72a3946a32518170/arch/TMS320C64x/TMS320C64xInstPrinter.c  
#9 318.6   inflating: capstone-8455b3c5a53b02e524494c7e72a3946a32518170/arch/TMS320C64x/TMS320C64xInstPrinter.h  
#9 318.6   inflating: capstone-8455b3c5a53b02e524494c7e72a3946a32518170/arch/TMS320C64x/TMS320C64xMapping.c  
#9 318.6   inflating: capstone-8455b3c5a53b02e524494c7e72a3946a32518170/arch/TMS320C64x/TMS320C64xMapping.h  
#9 318.6   inflating: capstone-8455b3c5a53b02e524494c7e72a3946a32518170/arch/TMS320C64x/TMS320C64xModule.c  
#9 318.6   inflating: capstone-8455b3c5a53b02e524494c7e72a3946a32518170/arch/TMS320C64x/TMS320C64xModule.h  
#9 318.6    creating: capstone-8455b3c5a53b02e524494c7e72a3946a32518170/arch/TriCore/
#9 318.6   inflating: capstone-8455b3c5a53b02e524494c7e72a3946a32518170/arch/TriCore/TriCore.td  
#9 318.6   inflating: capstone-8455b3c5a53b02e524494c7e72a3946a32518170/arch/TriCore/TriCoreCallingConv.td  
#9 318.6   inflating: capstone-8455b3c5a53b02e524494c7e72a3946a32518170/arch/TriCore/TriCoreDisassembler.c  
#9 318.6   inflating: capstone-8455b3c5a53b02e524494c7e72a3946a32518170/arch/TriCore/TriCoreDisassembler.h  
#9 318.6   inflating: capstone-8455b3c5a53b02e524494c7e72a3946a32518170/arch/TriCore/TriCoreGenAsmWriter.inc  
#9 318.6   inflating: capstone-8455b3c5a53b02e524494c7e72a3946a32518170/arch/TriCore/TriCoreGenCSFeatureName.inc  
#9 318.6   inflating: capstone-8455b3c5a53b02e524494c7e72a3946a32518170/arch/TriCore/TriCoreGenCSMappingInsn.inc  
#9 318.6   inflating: capstone-8455b3c5a53b02e524494c7e72a3946a32518170/arch/TriCore/TriCoreGenCSMappingInsnName.inc  
#9 318.6   inflating: capstone-8455b3c5a53b02e524494c7e72a3946a32518170/arch/TriCore/TriCoreGenCSMappingInsnOp.inc  
#9 318.6   inflating: capstone-8455b3c5a53b02e524494c7e72a3946a32518170/arch/TriCore/TriCoreGenCSOpGroup.inc  
#9 318.6   inflating: capstone-8455b3c5a53b02e524494c7e72a3946a32518170/arch/TriCore/TriCoreGenDisassemblerTables.inc  
#9 318.6   inflating: capstone-8455b3c5a53b02e524494c7e72a3946a32518170/arch/TriCore/TriCoreGenInstrInfo.inc  
#9 318.6   inflating: capstone-8455b3c5a53b02e524494c7e72a3946a32518170/arch/TriCore/TriCoreGenRegisterInfo.inc  
#9 318.6   inflating: capstone-8455b3c5a53b02e524494c7e72a3946a32518170/arch/TriCore/TriCoreGenSubtargetInfo.inc  
#9 318.6   inflating: capstone-8455b3c5a53b02e524494c7e72a3946a32518170/arch/TriCore/TriCoreInstPrinter.c  
#9 318.6   inflating: capstone-8455b3c5a53b02e524494c7e72a3946a32518170/arch/TriCore/TriCoreInstrFormats.td  
#9 318.6   inflating: capstone-8455b3c5a53b02e524494c7e72a3946a32518170/arch/TriCore/TriCoreInstrInfo.td  
#9 318.6   inflating: capstone-8455b3c5a53b02e524494c7e72a3946a32518170/arch/TriCore/TriCoreLinkage.h  
#9 318.6   inflating: capstone-8455b3c5a53b02e524494c7e72a3946a32518170/arch/TriCore/TriCoreMapping.c  
#9 318.6   inflating: capstone-8455b3c5a53b02e524494c7e72a3946a32518170/arch/TriCore/TriCoreMapping.h  
#9 318.6   inflating: capstone-8455b3c5a53b02e524494c7e72a3946a32518170/arch/TriCore/TriCoreModule.c  
#9 318.6   inflating: capstone-8455b3c5a53b02e524494c7e72a3946a32518170/arch/TriCore/TriCoreModule.h  
#9 318.6   inflating: capstone-8455b3c5a53b02e524494c7e72a3946a32518170/arch/TriCore/TriCoreRegisterInfo.td  
#9 318.6    creating: capstone-8455b3c5a53b02e524494c7e72a3946a32518170/arch/WASM/
#9 318.6   inflating: capstone-8455b3c5a53b02e524494c7e72a3946a32518170/arch/WASM/WASMDisassembler.c  
#9 318.6   inflating: capstone-8455b3c5a53b02e524494c7e72a3946a32518170/arch/WASM/WASMDisassembler.h  
#9 318.6   inflating: capstone-8455b3c5a53b02e524494c7e72a3946a32518170/arch/WASM/WASMInstPrinter.c  
#9 318.6   inflating: capstone-8455b3c5a53b02e524494c7e72a3946a32518170/arch/WASM/WASMInstPrinter.h  
#9 318.6   inflating: capstone-8455b3c5a53b02e524494c7e72a3946a32518170/arch/WASM/WASMMapping.c  
#9 318.6   inflating: capstone-8455b3c5a53b02e524494c7e72a3946a32518170/arch/WASM/WASMMapping.h  
#9 318.6   inflating: capstone-8455b3c5a53b02e524494c7e72a3946a32518170/arch/WASM/WASMModule.c  
#9 318.6   inflating: capstone-8455b3c5a53b02e524494c7e72a3946a32518170/arch/WASM/WASMModule.h  
#9 318.6    creating: capstone-8455b3c5a53b02e524494c7e72a3946a32518170/arch/X86/
#9 318.6   inflating: capstone-8455b3c5a53b02e524494c7e72a3946a32518170/arch/X86/X86ATTInstPrinter.c  
#9 318.6   inflating: capstone-8455b3c5a53b02e524494c7e72a3946a32518170/arch/X86/X86BaseInfo.h  
#9 318.6   inflating: capstone-8455b3c5a53b02e524494c7e72a3946a32518170/arch/X86/X86Disassembler.c  
#9 318.6   inflating: capstone-8455b3c5a53b02e524494c7e72a3946a32518170/arch/X86/X86Disassembler.h  
#9 318.6   inflating: capstone-8455b3c5a53b02e524494c7e72a3946a32518170/arch/X86/X86DisassemblerDecoder.c  
#9 318.6   inflating: capstone-8455b3c5a53b02e524494c7e72a3946a32518170/arch/X86/X86DisassemblerDecoder.h  
#9 318.6   inflating: capstone-8455b3c5a53b02e524494c7e72a3946a32518170/arch/X86/X86DisassemblerDecoderCommon.h  
#9 318.6   inflating: capstone-8455b3c5a53b02e524494c7e72a3946a32518170/arch/X86/X86GenAsmWriter.inc  
#9 318.6   inflating: capstone-8455b3c5a53b02e524494c7e72a3946a32518170/arch/X86/X86GenAsmWriter1.inc  
#9 318.6   inflating: capstone-8455b3c5a53b02e524494c7e72a3946a32518170/arch/X86/X86GenAsmWriter1_reduce.inc  
#9 318.6   inflating: capstone-8455b3c5a53b02e524494c7e72a3946a32518170/arch/X86/X86GenAsmWriter_reduce.inc  
#9 318.6   inflating: capstone-8455b3c5a53b02e524494c7e72a3946a32518170/arch/X86/X86GenDisassemblerTables.inc  
#9 318.6   inflating: capstone-8455b3c5a53b02e524494c7e72a3946a32518170/arch/X86/X86GenDisassemblerTables2.inc  
#9 318.6   inflating: capstone-8455b3c5a53b02e524494c7e72a3946a32518170/arch/X86/X86GenDisassemblerTables_reduce.inc  
#9 318.6   inflating: capstone-8455b3c5a53b02e524494c7e72a3946a32518170/arch/X86/X86GenDisassemblerTables_reduce2.inc  
#9 318.6   inflating: capstone-8455b3c5a53b02e524494c7e72a3946a32518170/arch/X86/X86GenInstrInfo.inc  
#9 318.6   inflating: capstone-8455b3c5a53b02e524494c7e72a3946a32518170/arch/X86/X86GenInstrInfo_reduce.inc  
#9 318.6   inflating: capstone-8455b3c5a53b02e524494c7e72a3946a32518170/arch/X86/X86GenRegisterInfo.inc  
#9 318.6   inflating: capstone-8455b3c5a53b02e524494c7e72a3946a32518170/arch/X86/X86GenRegisterName.inc  
#9 318.6   inflating: capstone-8455b3c5a53b02e524494c7e72a3946a32518170/arch/X86/X86GenRegisterName1.inc  
#9 318.6   inflating: capstone-8455b3c5a53b02e524494c7e72a3946a32518170/arch/X86/X86ImmSize.inc  
#9 318.6   inflating: capstone-8455b3c5a53b02e524494c7e72a3946a32518170/arch/X86/X86InstPrinter.h  
#9 318.6   inflating: capstone-8455b3c5a53b02e524494c7e72a3946a32518170/arch/X86/X86InstPrinterCommon.c  
#9 318.6   inflating: capstone-8455b3c5a53b02e524494c7e72a3946a32518170/arch/X86/X86InstPrinterCommon.h  
#9 318.6   inflating: capstone-8455b3c5a53b02e524494c7e72a3946a32518170/arch/X86/X86IntelInstPrinter.c  
#9 318.6   inflating: capstone-8455b3c5a53b02e524494c7e72a3946a32518170/arch/X86/X86Lookup16.inc  
#9 318.6   inflating: capstone-8455b3c5a53b02e524494c7e72a3946a32518170/arch/X86/X86Lookup16_reduce.inc  
#9 318.6   inflating: capstone-8455b3c5a53b02e524494c7e72a3946a32518170/arch/X86/X86Mapping.c  
#9 318.6   inflating: capstone-8455b3c5a53b02e524494c7e72a3946a32518170/arch/X86/X86Mapping.h  
#9 318.6   inflating: capstone-8455b3c5a53b02e524494c7e72a3946a32518170/arch/X86/X86MappingInsn.inc  
#9 318.6   inflating: capstone-8455b3c5a53b02e524494c7e72a3946a32518170/arch/X86/X86MappingInsnName.inc  
#9 318.6   inflating: capstone-8455b3c5a53b02e524494c7e72a3946a32518170/arch/X86/X86MappingInsnName_reduce.inc  
#9 318.6   inflating: capstone-8455b3c5a53b02e524494c7e72a3946a32518170/arch/X86/X86MappingInsnOp.inc  
#9 318.7   inflating: capstone-8455b3c5a53b02e524494c7e72a3946a32518170/arch/X86/X86MappingInsnOp_reduce.inc  
#9 318.7   inflating: capstone-8455b3c5a53b02e524494c7e72a3946a32518170/arch/X86/X86MappingInsn_reduce.inc  
#9 318.7   inflating: capstone-8455b3c5a53b02e524494c7e72a3946a32518170/arch/X86/X86MappingReg.inc  
#9 318.7   inflating: capstone-8455b3c5a53b02e524494c7e72a3946a32518170/arch/X86/X86Module.c  
#9 318.7   inflating: capstone-8455b3c5a53b02e524494c7e72a3946a32518170/arch/X86/X86Module.h  
#9 318.7    creating: capstone-8455b3c5a53b02e524494c7e72a3946a32518170/arch/XCore/
#9 318.7   inflating: capstone-8455b3c5a53b02e524494c7e72a3946a32518170/arch/XCore/XCoreDisassembler.c  
#9 318.7   inflating: capstone-8455b3c5a53b02e524494c7e72a3946a32518170/arch/XCore/XCoreDisassembler.h  
#9 318.7   inflating: capstone-8455b3c5a53b02e524494c7e72a3946a32518170/arch/XCore/XCoreGenAsmWriter.inc  
#9 318.7   inflating: capstone-8455b3c5a53b02e524494c7e72a3946a32518170/arch/XCore/XCoreGenDisassemblerTables.inc  
#9 318.7   inflating: capstone-8455b3c5a53b02e524494c7e72a3946a32518170/arch/XCore/XCoreGenInstrInfo.inc  
#9 318.7   inflating: capstone-8455b3c5a53b02e524494c7e72a3946a32518170/arch/XCore/XCoreGenRegisterInfo.inc  
#9 318.7   inflating: capstone-8455b3c5a53b02e524494c7e72a3946a32518170/arch/XCore/XCoreInstPrinter.c  
#9 318.7   inflating: capstone-8455b3c5a53b02e524494c7e72a3946a32518170/arch/XCore/XCoreInstPrinter.h  
#9 318.7   inflating: capstone-8455b3c5a53b02e524494c7e72a3946a32518170/arch/XCore/XCoreMapping.c  
#9 318.7   inflating: capstone-8455b3c5a53b02e524494c7e72a3946a32518170/arch/XCore/XCoreMapping.h  
#9 318.7   inflating: capstone-8455b3c5a53b02e524494c7e72a3946a32518170/arch/XCore/XCoreMappingInsn.inc  
#9 318.7   inflating: capstone-8455b3c5a53b02e524494c7e72a3946a32518170/arch/XCore/XCoreModule.c  
#9 318.7   inflating: capstone-8455b3c5a53b02e524494c7e72a3946a32518170/arch/XCore/XCoreModule.h  
#9 318.7    creating: capstone-8455b3c5a53b02e524494c7e72a3946a32518170/bindings/
#9 318.7   inflating: capstone-8455b3c5a53b02e524494c7e72a3946a32518170/bindings/Makefile  
#9 318.7   inflating: capstone-8455b3c5a53b02e524494c7e72a3946a32518170/bindings/README  
#9 318.7   inflating: capstone-8455b3c5a53b02e524494c7e72a3946a32518170/bindings/const_generator.py  
#9 318.7    creating: capstone-8455b3c5a53b02e524494c7e72a3946a32518170/bindings/java/
#9 318.7  extracting: capstone-8455b3c5a53b02e524494c7e72a3946a32518170/bindings/java/.gitignore  
#9 318.7   inflating: capstone-8455b3c5a53b02e524494c7e72a3946a32518170/bindings/java/Makefile  
#9 318.7   inflating: capstone-8455b3c5a53b02e524494c7e72a3946a32518170/bindings/java/README  
#9 318.7   inflating: capstone-8455b3c5a53b02e524494c7e72a3946a32518170/bindings/java/TestArm.java  
#9 318.7   inflating: capstone-8455b3c5a53b02e524494c7e72a3946a32518170/bindings/java/TestArm64.java  
#9 318.7   inflating: capstone-8455b3c5a53b02e524494c7e72a3946a32518170/bindings/java/TestBasic.java  
#9 318.7   inflating: capstone-8455b3c5a53b02e524494c7e72a3946a32518170/bindings/java/TestM680x.java  
#9 318.7   inflating: capstone-8455b3c5a53b02e524494c7e72a3946a32518170/bindings/java/TestMips.java  
#9 318.7   inflating: capstone-8455b3c5a53b02e524494c7e72a3946a32518170/bindings/java/TestPpc.java  
#9 318.7   inflating: capstone-8455b3c5a53b02e524494c7e72a3946a32518170/bindings/java/TestSparc.java  
#9 318.7   inflating: capstone-8455b3c5a53b02e524494c7e72a3946a32518170/bindings/java/TestSystemz.java  
#9 318.7   inflating: capstone-8455b3c5a53b02e524494c7e72a3946a32518170/bindings/java/TestX86.java  
#9 318.7   inflating: capstone-8455b3c5a53b02e524494c7e72a3946a32518170/bindings/java/TestXcore.java  
#9 318.7    creating: capstone-8455b3c5a53b02e524494c7e72a3946a32518170/bindings/java/capstone/
#9 318.7  extracting: capstone-8455b3c5a53b02e524494c7e72a3946a32518170/bindings/java/capstone/.gitignore  
#9 318.7   inflating: capstone-8455b3c5a53b02e524494c7e72a3946a32518170/bindings/java/capstone/Arm.java  
#9 318.7   inflating: capstone-8455b3c5a53b02e524494c7e72a3946a32518170/bindings/java/capstone/Arm64.java  
#9 318.7   inflating: capstone-8455b3c5a53b02e524494c7e72a3946a32518170/bindings/java/capstone/Arm64_const.java  
#9 318.7   inflating: capstone-8455b3c5a53b02e524494c7e72a3946a32518170/bindings/java/capstone/Arm_const.java  
#9 318.7   inflating: capstone-8455b3c5a53b02e524494c7e72a3946a32518170/bindings/java/capstone/Capstone.java  
#9 318.7   inflating: capstone-8455b3c5a53b02e524494c7e72a3946a32518170/bindings/java/capstone/Evm_const.java  
#9 318.7   inflating: capstone-8455b3c5a53b02e524494c7e72a3946a32518170/bindings/java/capstone/M680x.java  
#9 318.7   inflating: capstone-8455b3c5a53b02e524494c7e72a3946a32518170/bindings/java/capstone/M680x_const.java  
#9 318.7   inflating: capstone-8455b3c5a53b02e524494c7e72a3946a32518170/bindings/java/capstone/M68k_const.java  
#9 318.7   inflating: capstone-8455b3c5a53b02e524494c7e72a3946a32518170/bindings/java/capstone/Mips.java  
#9 318.7   inflating: capstone-8455b3c5a53b02e524494c7e72a3946a32518170/bindings/java/capstone/Mips_const.java  
#9 318.7   inflating: capstone-8455b3c5a53b02e524494c7e72a3946a32518170/bindings/java/capstone/Ppc.java  
#9 318.7   inflating: capstone-8455b3c5a53b02e524494c7e72a3946a32518170/bindings/java/capstone/Ppc_const.java  
#9 318.7   inflating: capstone-8455b3c5a53b02e524494c7e72a3946a32518170/bindings/java/capstone/Sparc.java  
#9 318.7   inflating: capstone-8455b3c5a53b02e524494c7e72a3946a32518170/bindings/java/capstone/Sparc_const.java  
#9 318.7   inflating: capstone-8455b3c5a53b02e524494c7e72a3946a32518170/bindings/java/capstone/Systemz.java  
#9 318.7   inflating: capstone-8455b3c5a53b02e524494c7e72a3946a32518170/bindings/java/capstone/Sysz_const.java  
#9 318.7   inflating: capstone-8455b3c5a53b02e524494c7e72a3946a32518170/bindings/java/capstone/TMS320C64x_const.java  
#9 318.7   inflating: capstone-8455b3c5a53b02e524494c7e72a3946a32518170/bindings/java/capstone/Wasm_const.java  
#9 318.7   inflating: capstone-8455b3c5a53b02e524494c7e72a3946a32518170/bindings/java/capstone/X86.java  
#9 318.7   inflating: capstone-8455b3c5a53b02e524494c7e72a3946a32518170/bindings/java/capstone/X86_const.java  
#9 318.7   inflating: capstone-8455b3c5a53b02e524494c7e72a3946a32518170/bindings/java/capstone/Xcore.java  
#9 318.7   inflating: capstone-8455b3c5a53b02e524494c7e72a3946a32518170/bindings/java/capstone/Xcore_const.java  
#9 318.7   inflating: capstone-8455b3c5a53b02e524494c7e72a3946a32518170/bindings/java/run.sh  
#9 318.7    creating: capstone-8455b3c5a53b02e524494c7e72a3946a32518170/bindings/ocaml/
#9 318.7   inflating: capstone-8455b3c5a53b02e524494c7e72a3946a32518170/bindings/ocaml/Makefile  
#9 318.7   inflating: capstone-8455b3c5a53b02e524494c7e72a3946a32518170/bindings/ocaml/README  
#9 318.7   inflating: capstone-8455b3c5a53b02e524494c7e72a3946a32518170/bindings/ocaml/arm.ml  
#9 318.7   inflating: capstone-8455b3c5a53b02e524494c7e72a3946a32518170/bindings/ocaml/arm64.ml  
#9 318.7   inflating: capstone-8455b3c5a53b02e524494c7e72a3946a32518170/bindings/ocaml/arm64_const.ml  
#9 318.7   inflating: capstone-8455b3c5a53b02e524494c7e72a3946a32518170/bindings/ocaml/arm_const.ml  
#9 318.7   inflating: capstone-8455b3c5a53b02e524494c7e72a3946a32518170/bindings/ocaml/capstone.ml  
#9 318.7   inflating: capstone-8455b3c5a53b02e524494c7e72a3946a32518170/bindings/ocaml/evm_const.ml  
#9 318.7   inflating: capstone-8455b3c5a53b02e524494c7e72a3946a32518170/bindings/ocaml/m680x.ml  
#9 318.7   inflating: capstone-8455b3c5a53b02e524494c7e72a3946a32518170/bindings/ocaml/m680x_const.ml  
#9 318.7   inflating: capstone-8455b3c5a53b02e524494c7e72a3946a32518170/bindings/ocaml/m68k_const.ml  
#9 318.7   inflating: capstone-8455b3c5a53b02e524494c7e72a3946a32518170/bindings/ocaml/mips.ml  
#9 318.7   inflating: capstone-8455b3c5a53b02e524494c7e72a3946a32518170/bindings/ocaml/mips_const.ml  
#9 318.7   inflating: capstone-8455b3c5a53b02e524494c7e72a3946a32518170/bindings/ocaml/ocaml.c  
#9 318.7   inflating: capstone-8455b3c5a53b02e524494c7e72a3946a32518170/bindings/ocaml/ppc.ml  
#9 318.7   inflating: capstone-8455b3c5a53b02e524494c7e72a3946a32518170/bindings/ocaml/ppc_const.ml  
#9 318.7   inflating: capstone-8455b3c5a53b02e524494c7e72a3946a32518170/bindings/ocaml/sparc.ml  
#9 318.7   inflating: capstone-8455b3c5a53b02e524494c7e72a3946a32518170/bindings/ocaml/sparc_const.ml  
#9 318.7   inflating: capstone-8455b3c5a53b02e524494c7e72a3946a32518170/bindings/ocaml/systemz.ml  
#9 318.7   inflating: capstone-8455b3c5a53b02e524494c7e72a3946a32518170/bindings/ocaml/sysz_const.ml  
#9 318.7   inflating: capstone-8455b3c5a53b02e524494c7e72a3946a32518170/bindings/ocaml/test_arm.ml  
#9 318.7   inflating: capstone-8455b3c5a53b02e524494c7e72a3946a32518170/bindings/ocaml/test_arm64.ml  
#9 318.7   inflating: capstone-8455b3c5a53b02e524494c7e72a3946a32518170/bindings/ocaml/test_basic.ml  
#9 318.7   inflating: capstone-8455b3c5a53b02e524494c7e72a3946a32518170/bindings/ocaml/test_detail.ml  
#9 318.7   inflating: capstone-8455b3c5a53b02e524494c7e72a3946a32518170/bindings/ocaml/test_m680x.ml  
#9 318.7   inflating: capstone-8455b3c5a53b02e524494c7e72a3946a32518170/bindings/ocaml/test_mips.ml  
#9 318.7   inflating: capstone-8455b3c5a53b02e524494c7e72a3946a32518170/bindings/ocaml/test_ppc.ml  
#9 318.7   inflating: capstone-8455b3c5a53b02e524494c7e72a3946a32518170/bindings/ocaml/test_sparc.ml  
#9 318.7   inflating: capstone-8455b3c5a53b02e524494c7e72a3946a32518170/bindings/ocaml/test_systemz.ml  
#9 318.7   inflating: capstone-8455b3c5a53b02e524494c7e72a3946a32518170/bindings/ocaml/test_x86.ml  
#9 318.7   inflating: capstone-8455b3c5a53b02e524494c7e72a3946a32518170/bindings/ocaml/test_xcore.ml  
#9 318.7   inflating: capstone-8455b3c5a53b02e524494c7e72a3946a32518170/bindings/ocaml/tms320c64x_const.ml  
#9 318.7   inflating: capstone-8455b3c5a53b02e524494c7e72a3946a32518170/bindings/ocaml/wasm_const.ml  
#9 318.7   inflating: capstone-8455b3c5a53b02e524494c7e72a3946a32518170/bindings/ocaml/x86.ml  
#9 318.7   inflating: capstone-8455b3c5a53b02e524494c7e72a3946a32518170/bindings/ocaml/x86_const.ml  
#9 318.7   inflating: capstone-8455b3c5a53b02e524494c7e72a3946a32518170/bindings/ocaml/xcore.ml  
#9 318.7   inflating: capstone-8455b3c5a53b02e524494c7e72a3946a32518170/bindings/ocaml/xcore_const.ml  
#9 318.7    creating: capstone-8455b3c5a53b02e524494c7e72a3946a32518170/bindings/powershell/
#9 318.7    creating: capstone-8455b3c5a53b02e524494c7e72a3946a32518170/bindings/powershell/Capstone/
#9 318.7   inflating: capstone-8455b3c5a53b02e524494c7e72a3946a32518170/bindings/powershell/Capstone/Capstone.Format.ps
1xml  
#9 318.7   inflating: capstone-8455b3c5a53b02e524494c7e72a3946a32518170/bindings/powershell/Capstone/Capstone.psd1  
#9 318.7   inflating: capstone-8455b3c5a53b02e524494c7e72a3946a32518170/bindings/powershell/Capstone/Capstone.psm1  
#9 318.7    creating: capstone-8455b3c5a53b02e524494c7e72a3946a32518170/bindings/powershell/Capstone/Lib/
#9 318.7    creating: capstone-8455b3c5a53b02e524494c7e72a3946a32518170/bindings/powershell/Capstone/Lib/Capstone/
#9 318.7  extracting: capstone-8455b3c5a53b02e524494c7e72a3946a32518170/bindings/powershell/Capstone/Lib/Capstone/.giti
gnore  
#9 318.7   inflating: capstone-8455b3c5a53b02e524494c7e72a3946a32518170/bindings/powershell/README.md  
#9 318.7    creating: capstone-8455b3c5a53b02e524494c7e72a3946a32518170/bindings/python/
#9 318.7   inflating: capstone-8455b3c5a53b02e524494c7e72a3946a32518170/bindings/python/.gitignore  
#9 318.7   inflating: capstone-8455b3c5a53b02e524494c7e72a3946a32518170/bindings/python/BUILDING.txt  
#9 318.7   inflating: capstone-8455b3c5a53b02e524494c7e72a3946a32518170/bindings/python/LICENSE.TXT  
#9 318.7   inflating: capstone-8455b3c5a53b02e524494c7e72a3946a32518170/bindings/python/MANIFEST.in  
#9 318.7   inflating: capstone-8455b3c5a53b02e524494c7e72a3946a32518170/bindings/python/Makefile  
#9 318.7   inflating: capstone-8455b3c5a53b02e524494c7e72a3946a32518170/bindings/python/README.txt  
#9 318.7   inflating: capstone-8455b3c5a53b02e524494c7e72a3946a32518170/bindings/python/build_wheel.sh  
#9 318.7    creating: capstone-8455b3c5a53b02e524494c7e72a3946a32518170/bindings/python/capstone/
#9 318.7   inflating: capstone-8455b3c5a53b02e524494c7e72a3946a32518170/bindings/python/capstone/__init__.py  
#9 318.7   inflating: capstone-8455b3c5a53b02e524494c7e72a3946a32518170/bindings/python/capstone/arm.py  
#9 318.7   inflating: capstone-8455b3c5a53b02e524494c7e72a3946a32518170/bindings/python/capstone/arm64.py  
#9 318.7   inflating: capstone-8455b3c5a53b02e524494c7e72a3946a32518170/bindings/python/capstone/arm64_const.py  
#9 318.7   inflating: capstone-8455b3c5a53b02e524494c7e72a3946a32518170/bindings/python/capstone/arm_const.py  
#9 318.7   inflating: capstone-8455b3c5a53b02e524494c7e72a3946a32518170/bindings/python/capstone/bpf.py  
#9 318.7   inflating: capstone-8455b3c5a53b02e524494c7e72a3946a32518170/bindings/python/capstone/bpf_const.py  
#9 318.7   inflating: capstone-8455b3c5a53b02e524494c7e72a3946a32518170/bindings/python/capstone/evm.py  
#9 318.7   inflating: capstone-8455b3c5a53b02e524494c7e72a3946a32518170/bindings/python/capstone/evm_const.py  
#9 318.7   inflating: capstone-8455b3c5a53b02e524494c7e72a3946a32518170/bindings/python/capstone/m680x.py  
#9 318.7   inflating: capstone-8455b3c5a53b02e524494c7e72a3946a32518170/bindings/python/capstone/m680x_const.py  
#9 318.7   inflating: capstone-8455b3c5a53b02e524494c7e72a3946a32518170/bindings/python/capstone/m68k.py  
#9 318.7   inflating: capstone-8455b3c5a53b02e524494c7e72a3946a32518170/bindings/python/capstone/m68k_const.py  
#9 318.7   inflating: capstone-8455b3c5a53b02e524494c7e72a3946a32518170/bindings/python/capstone/mips.py  
#9 318.7   inflating: capstone-8455b3c5a53b02e524494c7e72a3946a32518170/bindings/python/capstone/mips_const.py  
#9 318.7   inflating: capstone-8455b3c5a53b02e524494c7e72a3946a32518170/bindings/python/capstone/mos65xx.py  
#9 318.7   inflating: capstone-8455b3c5a53b02e524494c7e72a3946a32518170/bindings/python/capstone/mos65xx_const.py  
#9 318.7   inflating: capstone-8455b3c5a53b02e524494c7e72a3946a32518170/bindings/python/capstone/ppc.py  
#9 318.7   inflating: capstone-8455b3c5a53b02e524494c7e72a3946a32518170/bindings/python/capstone/ppc_const.py  
#9 318.7   inflating: capstone-8455b3c5a53b02e524494c7e72a3946a32518170/bindings/python/capstone/riscv.py  
#9 318.7   inflating: capstone-8455b3c5a53b02e524494c7e72a3946a32518170/bindings/python/capstone/riscv_const.py  
#9 318.7   inflating: capstone-8455b3c5a53b02e524494c7e72a3946a32518170/bindings/python/capstone/sh.py  
#9 318.7   inflating: capstone-8455b3c5a53b02e524494c7e72a3946a32518170/bindings/python/capstone/sh_const.py  
#9 318.7   inflating: capstone-8455b3c5a53b02e524494c7e72a3946a32518170/bindings/python/capstone/sparc.py  
#9 318.7   inflating: capstone-8455b3c5a53b02e524494c7e72a3946a32518170/bindings/python/capstone/sparc_const.py  
#9 318.7   inflating: capstone-8455b3c5a53b02e524494c7e72a3946a32518170/bindings/python/capstone/systemz.py  
#9 318.7   inflating: capstone-8455b3c5a53b02e524494c7e72a3946a32518170/bindings/python/capstone/sysz_const.py  
#9 318.7   inflating: capstone-8455b3c5a53b02e524494c7e72a3946a32518170/bindings/python/capstone/tms320c64x.py  
#9 318.7   inflating: capstone-8455b3c5a53b02e524494c7e72a3946a32518170/bindings/python/capstone/tms320c64x_const.py  
#9 318.7   inflating: capstone-8455b3c5a53b02e524494c7e72a3946a32518170/bindings/python/capstone/tricore.py  
#9 318.7   inflating: capstone-8455b3c5a53b02e524494c7e72a3946a32518170/bindings/python/capstone/tricore_const.py  
#9 318.7   inflating: capstone-8455b3c5a53b02e524494c7e72a3946a32518170/bindings/python/capstone/wasm.py  
#9 318.7   inflating: capstone-8455b3c5a53b02e524494c7e72a3946a32518170/bindings/python/capstone/wasm_const.py  
#9 318.7   inflating: capstone-8455b3c5a53b02e524494c7e72a3946a32518170/bindings/python/capstone/x86.py  
#9 318.7   inflating: capstone-8455b3c5a53b02e524494c7e72a3946a32518170/bindings/python/capstone/x86_const.py  
#9 318.7   inflating: capstone-8455b3c5a53b02e524494c7e72a3946a32518170/bindings/python/capstone/xcore.py  
#9 318.7   inflating: capstone-8455b3c5a53b02e524494c7e72a3946a32518170/bindings/python/capstone/xcore_const.py  
#9 318.7    creating: capstone-8455b3c5a53b02e524494c7e72a3946a32518170/bindings/python/prebuilt/
#9 318.7  extracting: capstone-8455b3c5a53b02e524494c7e72a3946a32518170/bindings/python/prebuilt/.gitkeep  
#9 318.7   inflating: capstone-8455b3c5a53b02e524494c7e72a3946a32518170/bindings/python/pyproject.toml  
#9 318.7   inflating: capstone-8455b3c5a53b02e524494c7e72a3946a32518170/bindings/python/setup.py  
#9 318.7    creating: capstone-8455b3c5a53b02e524494c7e72a3946a32518170/bindings/python/tests/
#9 318.7   inflating: capstone-8455b3c5a53b02e524494c7e72a3946a32518170/bindings/python/tests/test_all.py  
#9 318.7   inflating: capstone-8455b3c5a53b02e524494c7e72a3946a32518170/bindings/python/tests/test_arm.py  
#9 318.7   inflating: capstone-8455b3c5a53b02e524494c7e72a3946a32518170/bindings/python/tests/test_arm64.py  
#9 318.7   inflating: capstone-8455b3c5a53b02e524494c7e72a3946a32518170/bindings/python/tests/test_basic.py  
#9 318.7   inflating: capstone-8455b3c5a53b02e524494c7e72a3946a32518170/bindings/python/tests/test_bpf.py  
#9 318.7   inflating: capstone-8455b3c5a53b02e524494c7e72a3946a32518170/bindings/python/tests/test_customized_mnem.py  
#9 318.7   inflating: capstone-8455b3c5a53b02e524494c7e72a3946a32518170/bindings/python/tests/test_detail.py  
#9 318.7   inflating: capstone-8455b3c5a53b02e524494c7e72a3946a32518170/bindings/python/tests/test_evm.py  
#9 318.7   inflating: capstone-8455b3c5a53b02e524494c7e72a3946a32518170/bindings/python/tests/test_lite.py  
#9 318.7   inflating: capstone-8455b3c5a53b02e524494c7e72a3946a32518170/bindings/python/tests/test_m680x.py  
#9 318.7   inflating: capstone-8455b3c5a53b02e524494c7e72a3946a32518170/bindings/python/tests/test_m68k.py  
#9 318.7   inflating: capstone-8455b3c5a53b02e524494c7e72a3946a32518170/bindings/python/tests/test_mips.py  
#9 318.7   inflating: capstone-8455b3c5a53b02e524494c7e72a3946a32518170/bindings/python/tests/test_mos65xx.py  
#9 318.7   inflating: capstone-8455b3c5a53b02e524494c7e72a3946a32518170/bindings/python/tests/test_ppc.py  
#9 318.7   inflating: capstone-8455b3c5a53b02e524494c7e72a3946a32518170/bindings/python/tests/test_riscv.py  
#9 318.7   inflating: capstone-8455b3c5a53b02e524494c7e72a3946a32518170/bindings/python/tests/test_sh.py  
#9 318.7   inflating: capstone-8455b3c5a53b02e524494c7e72a3946a32518170/bindings/python/tests/test_skipdata.py  
#9 318.7   inflating: capstone-8455b3c5a53b02e524494c7e72a3946a32518170/bindings/python/tests/test_sparc.py  
#9 318.7   inflating: capstone-8455b3c5a53b02e524494c7e72a3946a32518170/bindings/python/tests/test_systemz.py  
#9 318.7   inflating: capstone-8455b3c5a53b02e524494c7e72a3946a32518170/bindings/python/tests/test_tms320c64x.py  
#9 318.7   inflating: capstone-8455b3c5a53b02e524494c7e72a3946a32518170/bindings/python/tests/test_tricore.py  
#9 318.7   inflating: capstone-8455b3c5a53b02e524494c7e72a3946a32518170/bindings/python/tests/test_wasm.py  
#9 318.7   inflating: capstone-8455b3c5a53b02e524494c7e72a3946a32518170/bindings/python/tests/test_x86.py  
#9 318.7   inflating: capstone-8455b3c5a53b02e524494c7e72a3946a32518170/bindings/python/tests/test_xcore.py  
#9 318.7   inflating: capstone-8455b3c5a53b02e524494c7e72a3946a32518170/bindings/python/tests/xprint.py  
#9 318.7    creating: capstone-8455b3c5a53b02e524494c7e72a3946a32518170/bindings/vb6/
#9 318.7   inflating: capstone-8455b3c5a53b02e524494c7e72a3946a32518170/bindings/vb6/Apache_2.0_License.txt  
#9 318.7   inflating: capstone-8455b3c5a53b02e524494c7e72a3946a32518170/bindings/vb6/CDisassembler.cls  
#9 318.7   inflating: capstone-8455b3c5a53b02e524494c7e72a3946a32518170/bindings/vb6/CInstDetails.cls  
#9 318.7   inflating: capstone-8455b3c5a53b02e524494c7e72a3946a32518170/bindings/vb6/CInstruction.cls  
#9 318.7   inflating: capstone-8455b3c5a53b02e524494c7e72a3946a32518170/bindings/vb6/CX86Inst.cls  
#9 318.7   inflating: capstone-8455b3c5a53b02e524494c7e72a3946a32518170/bindings/vb6/CX86OpMem.cls  
#9 318.7   inflating: capstone-8455b3c5a53b02e524494c7e72a3946a32518170/bindings/vb6/CX86Operand.cls  
#9 318.7   inflating: capstone-8455b3c5a53b02e524494c7e72a3946a32518170/bindings/vb6/Form1.frm  
#9 318.7  extracting: capstone-8455b3c5a53b02e524494c7e72a3946a32518170/bindings/vb6/Form1.frx  
#9 318.7   inflating: capstone-8455b3c5a53b02e524494c7e72a3946a32518170/bindings/vb6/Module1.bas  
#9 318.7   inflating: capstone-8455b3c5a53b02e524494c7e72a3946a32518170/bindings/vb6/Project1.vbp  
#9 318.7   inflating: capstone-8455b3c5a53b02e524494c7e72a3946a32518170/bindings/vb6/Project1.vbw  
#9 318.7   inflating: capstone-8455b3c5a53b02e524494c7e72a3946a32518170/bindings/vb6/README.txt  
#9 318.7   inflating: capstone-8455b3c5a53b02e524494c7e72a3946a32518170/bindings/vb6/mMisc.bas  
#9 318.7   inflating: capstone-8455b3c5a53b02e524494c7e72a3946a32518170/bindings/vb6/mx86.bas  
#9 318.7   inflating: capstone-8455b3c5a53b02e524494c7e72a3946a32518170/bindings/vb6/screenshot.png  
#9 318.7   inflating: capstone-8455b3c5a53b02e524494c7e72a3946a32518170/bindings/vb6/vbCapstone.cpp  
#9 318.7   inflating: capstone-8455b3c5a53b02e524494c7e72a3946a32518170/bindings/vb6/vbCapstone.sln  
#9 318.7   inflating: capstone-8455b3c5a53b02e524494c7e72a3946a32518170/bindings/vb6/vbCapstone.vcproj  
#9 318.7   inflating: capstone-8455b3c5a53b02e524494c7e72a3946a32518170/capstone-config.cmake.in  
#9 318.7   inflating: capstone-8455b3c5a53b02e524494c7e72a3946a32518170/capstone.pc.in  
#9 318.7   inflating: capstone-8455b3c5a53b02e524494c7e72a3946a32518170/cmake.sh  
#9 318.7   inflating: capstone-8455b3c5a53b02e524494c7e72a3946a32518170/cmake_uninstall.cmake.in  
#9 318.7   inflating: capstone-8455b3c5a53b02e524494c7e72a3946a32518170/config.mk  
#9 318.7    creating: capstone-8455b3c5a53b02e524494c7e72a3946a32518170/contrib/
#9 318.7   inflating: capstone-8455b3c5a53b02e524494c7e72a3946a32518170/contrib/README  
#9 318.7    creating: capstone-8455b3c5a53b02e524494c7e72a3946a32518170/contrib/cs_driver/
#9 318.7   inflating: capstone-8455b3c5a53b02e524494c7e72a3946a32518170/contrib/cs_driver/README  
#9 318.7   inflating: capstone-8455b3c5a53b02e524494c7e72a3946a32518170/contrib/cs_driver/cs_driver.sln  
#9 318.7    creating: capstone-8455b3c5a53b02e524494c7e72a3946a32518170/contrib/cs_driver/cs_driver/
#9 318.7   inflating: capstone-8455b3c5a53b02e524494c7e72a3946a32518170/contrib/cs_driver/cs_driver/cs_driver.c  
#9 318.7   inflating: capstone-8455b3c5a53b02e524494c7e72a3946a32518170/contrib/cs_driver/cs_driver/cs_driver.vcxproj  
#9 318.7   inflating: capstone-8455b3c5a53b02e524494c7e72a3946a32518170/contrib/cs_driver/cs_driver/cs_driver.vcxproj.f
ilters  
#9 318.7    creating: capstone-8455b3c5a53b02e524494c7e72a3946a32518170/contrib/m68k_instruction_tbl_gen/
#9 318.7   inflating: capstone-8455b3c5a53b02e524494c7e72a3946a32518170/contrib/m68k_instruction_tbl_gen/M68KInstructio
nTblGen.c  
#9 318.7   inflating: capstone-8455b3c5a53b02e524494c7e72a3946a32518170/contrib/m68k_instruction_tbl_gen/Makefile  
#9 318.7    creating: capstone-8455b3c5a53b02e524494c7e72a3946a32518170/contrib/objdump/
#9 318.7   inflating: capstone-8455b3c5a53b02e524494c7e72a3946a32518170/contrib/objdump/objdump-m68k.py  
#9 318.7    creating: capstone-8455b3c5a53b02e524494c7e72a3946a32518170/contrib/riscv_update/
#9 318.7   inflating: capstone-8455b3c5a53b02e524494c7e72a3946a32518170/contrib/riscv_update/0001-capstone-riscv-patchs
.patch  
#9 318.7   inflating: capstone-8455b3c5a53b02e524494c7e72a3946a32518170/contrib/riscv_update/0002-update-TableGen-for-g
enerate-RISCV-port-inc-for-CAPS.patch  
#9 318.7   inflating: capstone-8455b3c5a53b02e524494c7e72a3946a32518170/contrib/riscv_update/0003-clear-old-patchs.patc
h  
#9 318.7   inflating: capstone-8455b3c5a53b02e524494c7e72a3946a32518170/contrib/riscv_update/0004-fix-riscv-registercla
ss-array-of-genregisterinfo.patch  
#9 318.7   inflating: capstone-8455b3c5a53b02e524494c7e72a3946a32518170/contrib/riscv_update/0005-fix-riscv-registercla
ss-array-of-genregisterinfo.patch  
#9 318.7   inflating: capstone-8455b3c5a53b02e524494c7e72a3946a32518170/contrib/riscv_update/0006-fix-output-TAB-for-ri
scv-capstone.patch  
#9 318.7   inflating: capstone-8455b3c5a53b02e524494c7e72a3946a32518170/contrib/riscv_update/0007-fix-riscv-alias-inst-
output-useless-newline.patch  
#9 318.7   inflating: capstone-8455b3c5a53b02e524494c7e72a3946a32518170/contrib/riscv_update/0008-fix-riscv-inst-output
-more-formal.patch  
#9 318.7   inflating: capstone-8455b3c5a53b02e524494c7e72a3946a32518170/contrib/riscv_update/0009-fix-riscv-asmwriter-v
ariable-declaration-place.patch  
#9 318.7   inflating: capstone-8455b3c5a53b02e524494c7e72a3946a32518170/contrib/riscv_update/0010-fix-riscvgenasmwiter.
inc-memory-leak.patch  
#9 318.7   inflating: capstone-8455b3c5a53b02e524494c7e72a3946a32518170/contrib/riscv_update/0011-using-static-array-co
ntain-temp-string-for-riscv-asm.patch  
#9 318.7   inflating: capstone-8455b3c5a53b02e524494c7e72a3946a32518170/contrib/riscv_update/README.md  
#9 318.7    creating: capstone-8455b3c5a53b02e524494c7e72a3946a32518170/contrib/sysz_update/
#9 318.7   inflating: capstone-8455b3c5a53b02e524494c7e72a3946a32518170/contrib/sysz_update/0001-capstone-generate-GenR
egisterInfo.inc.patch  
#9 318.7   inflating: capstone-8455b3c5a53b02e524494c7e72a3946a32518170/contrib/sysz_update/0002-capstone-generate-GenS
ubtargetInfo.inc.patch  
#9 318.7   inflating: capstone-8455b3c5a53b02e524494c7e72a3946a32518170/contrib/sysz_update/0003-capstone-generate-GenI
nstrInfo.inc.patch  
#9 318.7   inflating: capstone-8455b3c5a53b02e524494c7e72a3946a32518170/contrib/sysz_update/0004-capstone-generate-GenD
isassemblerTables.inc.patch  
#9 318.7   inflating: capstone-8455b3c5a53b02e524494c7e72a3946a32518170/contrib/sysz_update/0005-capstone-generate-GenA
smWriter.inc.patch  
#9 318.7   inflating: capstone-8455b3c5a53b02e524494c7e72a3946a32518170/contrib/sysz_update/0006-capstone-generate-Mapp
ingInsn.inc.patch  
#9 318.7   inflating: capstone-8455b3c5a53b02e524494c7e72a3946a32518170/contrib/sysz_update/0007-capstone-generate-GenI
nsnNameMaps.inc.patch  
#9 318.7   inflating: capstone-8455b3c5a53b02e524494c7e72a3946a32518170/contrib/sysz_update/README.md  
#9 318.7    creating: capstone-8455b3c5a53b02e524494c7e72a3946a32518170/contrib/windows_kernel/
#9 318.7   inflating: capstone-8455b3c5a53b02e524494c7e72a3946a32518170/contrib/windows_kernel/README  
#9 318.7   inflating: capstone-8455b3c5a53b02e524494c7e72a3946a32518170/contrib/windows_kernel/libc.cpp  
#9 318.7   inflating: capstone-8455b3c5a53b02e524494c7e72a3946a32518170/contrib/windows_kernel/libc.h  
#9 318.7   inflating: capstone-8455b3c5a53b02e524494c7e72a3946a32518170/cs.c  
#9 318.7   inflating: capstone-8455b3c5a53b02e524494c7e72a3946a32518170/cs_priv.h  
#9 318.7   inflating: capstone-8455b3c5a53b02e524494c7e72a3946a32518170/cs_simple_types.h  
#9 318.7    creating: capstone-8455b3c5a53b02e524494c7e72a3946a32518170/cstool/
#9 318.7   inflating: capstone-8455b3c5a53b02e524494c7e72a3946a32518170/cstool/Makefile  
#9 318.7   inflating: capstone-8455b3c5a53b02e524494c7e72a3946a32518170/cstool/README  
#9 318.7   inflating: capstone-8455b3c5a53b02e524494c7e72a3946a32518170/cstool/cstool.c  
#9 318.7   inflating: capstone-8455b3c5a53b02e524494c7e72a3946a32518170/cstool/cstool.h  
#9 318.7   inflating: capstone-8455b3c5a53b02e524494c7e72a3946a32518170/cstool/cstool_arm.c  
#9 318.7   inflating: capstone-8455b3c5a53b02e524494c7e72a3946a32518170/cstool/cstool_arm64.c  
#9 318.7   inflating: capstone-8455b3c5a53b02e524494c7e72a3946a32518170/cstool/cstool_bpf.c  
#9 318.7   inflating: capstone-8455b3c5a53b02e524494c7e72a3946a32518170/cstool/cstool_evm.c  
#9 318.7   inflating: capstone-8455b3c5a53b02e524494c7e72a3946a32518170/cstool/cstool_m680x.c  
#9 318.7   inflating: capstone-8455b3c5a53b02e524494c7e72a3946a32518170/cstool/cstool_m68k.c  
#9 318.7   inflating: capstone-8455b3c5a53b02e524494c7e72a3946a32518170/cstool/cstool_mips.c  
#9 318.7   inflating: capstone-8455b3c5a53b02e524494c7e72a3946a32518170/cstool/cstool_mos65xx.c  
#9 318.7   inflating: capstone-8455b3c5a53b02e524494c7e72a3946a32518170/cstool/cstool_powerpc.c  
#9 318.7   inflating: capstone-8455b3c5a53b02e524494c7e72a3946a32518170/cstool/cstool_riscv.c  
#9 318.7   inflating: capstone-8455b3c5a53b02e524494c7e72a3946a32518170/cstool/cstool_sh.c  
#9 318.7   inflating: capstone-8455b3c5a53b02e524494c7e72a3946a32518170/cstool/cstool_sparc.c  
#9 318.7   inflating: capstone-8455b3c5a53b02e524494c7e72a3946a32518170/cstool/cstool_systemz.c  
#9 318.7   inflating: capstone-8455b3c5a53b02e524494c7e72a3946a32518170/cstool/cstool_tms320c64x.c  
#9 318.7   inflating: capstone-8455b3c5a53b02e524494c7e72a3946a32518170/cstool/cstool_tricore.c  
#9 318.7   inflating: capstone-8455b3c5a53b02e524494c7e72a3946a32518170/cstool/cstool_wasm.c  
#9 318.7   inflating: capstone-8455b3c5a53b02e524494c7e72a3946a32518170/cstool/cstool_x86.c  
#9 318.7   inflating: capstone-8455b3c5a53b02e524494c7e72a3946a32518170/cstool/cstool_xcore.c  
#9 318.7   inflating: capstone-8455b3c5a53b02e524494c7e72a3946a32518170/cstool/getopt.c  
#9 318.7   inflating: capstone-8455b3c5a53b02e524494c7e72a3946a32518170/cstool/getopt.h  
#9 318.7    creating: capstone-8455b3c5a53b02e524494c7e72a3946a32518170/docs/
#9 318.7   inflating: capstone-8455b3c5a53b02e524494c7e72a3946a32518170/docs/BHUSA2014-capstone.pdf  
#9 318.7   inflating: capstone-8455b3c5a53b02e524494c7e72a3946a32518170/docs/README  
#9 318.7   inflating: capstone-8455b3c5a53b02e524494c7e72a3946a32518170/docs/capstone-logo.png  
#9 318.7   inflating: capstone-8455b3c5a53b02e524494c7e72a3946a32518170/functions.mk  
#9 318.7    creating: capstone-8455b3c5a53b02e524494c7e72a3946a32518170/include/
#9 318.7    creating: capstone-8455b3c5a53b02e524494c7e72a3946a32518170/include/capstone/
#9 318.7   inflating: capstone-8455b3c5a53b02e524494c7e72a3946a32518170/include/capstone/arm.h  
#9 318.7   inflating: capstone-8455b3c5a53b02e524494c7e72a3946a32518170/include/capstone/arm64.h  
#9 318.7   inflating: capstone-8455b3c5a53b02e524494c7e72a3946a32518170/include/capstone/bpf.h  
#9 318.7   inflating: capstone-8455b3c5a53b02e524494c7e72a3946a32518170/include/capstone/capstone.h  
#9 318.7   inflating: capstone-8455b3c5a53b02e524494c7e72a3946a32518170/include/capstone/evm.h  
#9 318.7   inflating: capstone-8455b3c5a53b02e524494c7e72a3946a32518170/include/capstone/m680x.h  
#9 318.7   inflating: capstone-8455b3c5a53b02e524494c7e72a3946a32518170/include/capstone/m68k.h  
#9 318.7   inflating: capstone-8455b3c5a53b02e524494c7e72a3946a32518170/include/capstone/mips.h  
#9 318.7   inflating: capstone-8455b3c5a53b02e524494c7e72a3946a32518170/include/capstone/mos65xx.h  
#9 318.7   inflating: capstone-8455b3c5a53b02e524494c7e72a3946a32518170/include/capstone/platform.h  
#9 318.7   inflating: capstone-8455b3c5a53b02e524494c7e72a3946a32518170/include/capstone/ppc.h  
#9 318.7   inflating: capstone-8455b3c5a53b02e524494c7e72a3946a32518170/include/capstone/riscv.h  
#9 318.7   inflating: capstone-8455b3c5a53b02e524494c7e72a3946a32518170/include/capstone/sh.h  
#9 318.7   inflating: capstone-8455b3c5a53b02e524494c7e72a3946a32518170/include/capstone/sparc.h  
#9 318.7   inflating: capstone-8455b3c5a53b02e524494c7e72a3946a32518170/include/capstone/systemz.h  
#9 318.7   inflating: capstone-8455b3c5a53b02e524494c7e72a3946a32518170/include/capstone/tms320c64x.h  
#9 318.7   inflating: capstone-8455b3c5a53b02e524494c7e72a3946a32518170/include/capstone/tricore.h  
#9 318.7   inflating: capstone-8455b3c5a53b02e524494c7e72a3946a32518170/include/capstone/wasm.h  
#9 318.7   inflating: capstone-8455b3c5a53b02e524494c7e72a3946a32518170/include/capstone/x86.h  
#9 318.7   inflating: capstone-8455b3c5a53b02e524494c7e72a3946a32518170/include/capstone/xcore.h  
#9 318.7   inflating: capstone-8455b3c5a53b02e524494c7e72a3946a32518170/include/platform.h  
#9 318.7    creating: capstone-8455b3c5a53b02e524494c7e72a3946a32518170/include/windowsce/
#9 318.7   inflating: capstone-8455b3c5a53b02e524494c7e72a3946a32518170/include/windowsce/intrin.h  
#9 318.7   inflating: capstone-8455b3c5a53b02e524494c7e72a3946a32518170/include/windowsce/stdint.h  
#9 318.7   inflating: capstone-8455b3c5a53b02e524494c7e72a3946a32518170/make.sh  
#9 318.7    creating: capstone-8455b3c5a53b02e524494c7e72a3946a32518170/msvc/
#9 318.7   inflating: capstone-8455b3c5a53b02e524494c7e72a3946a32518170/msvc/README  
#9 318.7   inflating: capstone-8455b3c5a53b02e524494c7e72a3946a32518170/msvc/capstone.sln  
#9 318.7    creating: capstone-8455b3c5a53b02e524494c7e72a3946a32518170/msvc/capstone_dll/
#9 318.7   inflating: capstone-8455b3c5a53b02e524494c7e72a3946a32518170/msvc/capstone_dll/capstone_dll.vcxproj  
#9 318.7    creating: capstone-8455b3c5a53b02e524494c7e72a3946a32518170/msvc/capstone_static/
#9 318.7   inflating: capstone-8455b3c5a53b02e524494c7e72a3946a32518170/msvc/capstone_static/capstone_static.vcxproj  
#9 318.7    creating: capstone-8455b3c5a53b02e524494c7e72a3946a32518170/msvc/capstone_static_winkernel/
#9 318.7   inflating: capstone-8455b3c5a53b02e524494c7e72a3946a32518170/msvc/capstone_static_winkernel/capstone_static_
winkernel.vcxproj  
#9 318.7    creating: capstone-8455b3c5a53b02e524494c7e72a3946a32518170/msvc/cstool/
#9 318.7   inflating: capstone-8455b3c5a53b02e524494c7e72a3946a32518170/msvc/cstool/cstool.vcxproj  
#9 318.7    creating: capstone-8455b3c5a53b02e524494c7e72a3946a32518170/msvc/test_arm/
#9 318.7   inflating: capstone-8455b3c5a53b02e524494c7e72a3946a32518170/msvc/test_arm/test_arm.vcxproj  
#9 318.7    creating: capstone-8455b3c5a53b02e524494c7e72a3946a32518170/msvc/test_arm64/
#9 318.7   inflating: capstone-8455b3c5a53b02e524494c7e72a3946a32518170/msvc/test_arm64/test_arm64.vcxproj  
#9 318.7    creating: capstone-8455b3c5a53b02e524494c7e72a3946a32518170/msvc/test_basic/
#9 318.7   inflating: capstone-8455b3c5a53b02e524494c7e72a3946a32518170/msvc/test_basic/test_basic.vcxproj  
#9 318.7    creating: capstone-8455b3c5a53b02e524494c7e72a3946a32518170/msvc/test_bpf/
#9 318.7   inflating: capstone-8455b3c5a53b02e524494c7e72a3946a32518170/msvc/test_bpf/test_bpf.vcxproj  
#9 318.7    creating: capstone-8455b3c5a53b02e524494c7e72a3946a32518170/msvc/test_customized_mnem/
#9 318.7   inflating: capstone-8455b3c5a53b02e524494c7e72a3946a32518170/msvc/test_customized_mnem/test_customized_mnem.
vcxproj  
#9 318.7    creating: capstone-8455b3c5a53b02e524494c7e72a3946a32518170/msvc/test_detail/
#9 318.7   inflating: capstone-8455b3c5a53b02e524494c7e72a3946a32518170/msvc/test_detail/test_detail.vcxproj  
#9 318.7    creating: capstone-8455b3c5a53b02e524494c7e72a3946a32518170/msvc/test_evm/
#9 318.7   inflating: capstone-8455b3c5a53b02e524494c7e72a3946a32518170/msvc/test_evm/test_evm.vcxproj  
#9 318.7    creating: capstone-8455b3c5a53b02e524494c7e72a3946a32518170/msvc/test_iter/
#9 318.7   inflating: capstone-8455b3c5a53b02e524494c7e72a3946a32518170/msvc/test_iter/test_iter.vcxproj  
#9 318.7    creating: capstone-8455b3c5a53b02e524494c7e72a3946a32518170/msvc/test_m680x/
#9 318.7   inflating: capstone-8455b3c5a53b02e524494c7e72a3946a32518170/msvc/test_m680x/test_m680x.vcxproj  
#9 318.7    creating: capstone-8455b3c5a53b02e524494c7e72a3946a32518170/msvc/test_m68k/
#9 318.7   inflating: capstone-8455b3c5a53b02e524494c7e72a3946a32518170/msvc/test_m68k/test_m68k.vcxproj  
#9 318.7    creating: capstone-8455b3c5a53b02e524494c7e72a3946a32518170/msvc/test_mips/
#9 318.7   inflating: capstone-8455b3c5a53b02e524494c7e72a3946a32518170/msvc/test_mips/test_mips.vcxproj  
#9 318.7    creating: capstone-8455b3c5a53b02e524494c7e72a3946a32518170/msvc/test_mos65xx/
#9 318.7   inflating: capstone-8455b3c5a53b02e524494c7e72a3946a32518170/msvc/test_mos65xx/test_mos65xx.vcxproj  
#9 318.7    creating: capstone-8455b3c5a53b02e524494c7e72a3946a32518170/msvc/test_ppc/
#9 318.7   inflating: capstone-8455b3c5a53b02e524494c7e72a3946a32518170/msvc/test_ppc/test_ppc.vcxproj  
#9 318.7    creating: capstone-8455b3c5a53b02e524494c7e72a3946a32518170/msvc/test_riscv/
#9 318.7   inflating: capstone-8455b3c5a53b02e524494c7e72a3946a32518170/msvc/test_riscv/test_riscv.vcxproj  
#9 318.7    creating: capstone-8455b3c5a53b02e524494c7e72a3946a32518170/msvc/test_skipdata/
#9 318.7   inflating: capstone-8455b3c5a53b02e524494c7e72a3946a32518170/msvc/test_skipdata/test_skipdata.vcxproj  
#9 318.7    creating: capstone-8455b3c5a53b02e524494c7e72a3946a32518170/msvc/test_sparc/
#9 318.7   inflating: capstone-8455b3c5a53b02e524494c7e72a3946a32518170/msvc/test_sparc/test_sparc.vcxproj  
#9 318.7    creating: capstone-8455b3c5a53b02e524494c7e72a3946a32518170/msvc/test_systemz/
#9 318.7   inflating: capstone-8455b3c5a53b02e524494c7e72a3946a32518170/msvc/test_systemz/test_systemz.vcxproj  
#9 318.7    creating: capstone-8455b3c5a53b02e524494c7e72a3946a32518170/msvc/test_tms320c64x/
#9 318.7   inflating: capstone-8455b3c5a53b02e524494c7e72a3946a32518170/msvc/test_tms320c64x/test_tms320c64x.vcxproj  
#9 318.7    creating: capstone-8455b3c5a53b02e524494c7e72a3946a32518170/msvc/test_wasm/
#9 318.7   inflating: capstone-8455b3c5a53b02e524494c7e72a3946a32518170/msvc/test_wasm/test_wasm.vcxproj  
#9 318.7    creating: capstone-8455b3c5a53b02e524494c7e72a3946a32518170/msvc/test_winkernel/
#9 318.7   inflating: capstone-8455b3c5a53b02e524494c7e72a3946a32518170/msvc/test_winkernel/test_winkernel.vcxproj  
#9 318.7    creating: capstone-8455b3c5a53b02e524494c7e72a3946a32518170/msvc/test_x86/
#9 318.7   inflating: capstone-8455b3c5a53b02e524494c7e72a3946a32518170/msvc/test_x86/test_x86.vcxproj  
#9 318.7    creating: capstone-8455b3c5a53b02e524494c7e72a3946a32518170/msvc/test_xcore/
#9 318.7   inflating: capstone-8455b3c5a53b02e524494c7e72a3946a32518170/msvc/test_xcore/test_xcore.vcxproj  
#9 318.7   inflating: capstone-8455b3c5a53b02e524494c7e72a3946a32518170/nmake.bat  
#9 318.7    creating: capstone-8455b3c5a53b02e524494c7e72a3946a32518170/packages/
#9 318.7    creating: capstone-8455b3c5a53b02e524494c7e72a3946a32518170/packages/freebsd/
#9 318.7    creating: capstone-8455b3c5a53b02e524494c7e72a3946a32518170/packages/freebsd/ports/
#9 318.7    creating: capstone-8455b3c5a53b02e524494c7e72a3946a32518170/packages/freebsd/ports/devel/
#9 318.7    creating: capstone-8455b3c5a53b02e524494c7e72a3946a32518170/packages/freebsd/ports/devel/capstone/
#9 318.7   inflating: capstone-8455b3c5a53b02e524494c7e72a3946a32518170/packages/freebsd/ports/devel/capstone/Makefile 
 
#9 318.7   inflating: capstone-8455b3c5a53b02e524494c7e72a3946a32518170/packages/freebsd/ports/devel/capstone/pkg-descr
  
#9 318.7   inflating: capstone-8455b3c5a53b02e524494c7e72a3946a32518170/packages/freebsd/ports/devel/capstone/pkg-plist
  
#9 318.7    creating: capstone-8455b3c5a53b02e524494c7e72a3946a32518170/packages/macports/
#9 318.7    creating: capstone-8455b3c5a53b02e524494c7e72a3946a32518170/packages/macports/devel/
#9 318.7    creating: capstone-8455b3c5a53b02e524494c7e72a3946a32518170/packages/macports/devel/capstone/
#9 318.7   inflating: capstone-8455b3c5a53b02e524494c7e72a3946a32518170/packages/macports/devel/capstone/Portfile  
#9 318.7    creating: capstone-8455b3c5a53b02e524494c7e72a3946a32518170/packages/macports/devel/capstone/files/
#9 318.7   inflating: capstone-8455b3c5a53b02e524494c7e72a3946a32518170/packages/macports/devel/capstone/files/patch-Ma
kefile.diff  
#9 318.7    creating: capstone-8455b3c5a53b02e524494c7e72a3946a32518170/packages/rpm/
#9 318.7   inflating: capstone-8455b3c5a53b02e524494c7e72a3946a32518170/packages/rpm/capstone.spec  
#9 318.7   inflating: capstone-8455b3c5a53b02e524494c7e72a3946a32518170/pkgconfig.mk  
#9 318.7    creating: capstone-8455b3c5a53b02e524494c7e72a3946a32518170/suite/
#9 318.7    creating: capstone-8455b3c5a53b02e524494c7e72a3946a32518170/suite/MC/
#9 318.7    creating: capstone-8455b3c5a53b02e524494c7e72a3946a32518170/suite/MC/AArch64/
#9 318.7   inflating: capstone-8455b3c5a53b02e524494c7e72a3946a32518170/suite/MC/AArch64/basic-a64-instructions.s.cs  
#9 318.7   inflating: capstone-8455b3c5a53b02e524494c7e72a3946a32518170/suite/MC/AArch64/gicv3-regs.s.cs  
#9 318.7   inflating: capstone-8455b3c5a53b02e524494c7e72a3946a32518170/suite/MC/AArch64/neon-2velem.s.cs  
#9 318.7   inflating: capstone-8455b3c5a53b02e524494c7e72a3946a32518170/suite/MC/AArch64/neon-3vdiff.s.cs  
#9 318.7   inflating: capstone-8455b3c5a53b02e524494c7e72a3946a32518170/suite/MC/AArch64/neon-aba-abd.s.cs  
#9 318.7   inflating: capstone-8455b3c5a53b02e524494c7e72a3946a32518170/suite/MC/AArch64/neon-across.s.cs  
#9 318.7   inflating: capstone-8455b3c5a53b02e524494c7e72a3946a32518170/suite/MC/AArch64/neon-add-pairwise.s.cs  
#9 318.7   inflating: capstone-8455b3c5a53b02e524494c7e72a3946a32518170/suite/MC/AArch64/neon-add-sub-instructions.s.cs
  
#9 318.7   inflating: capstone-8455b3c5a53b02e524494c7e72a3946a32518170/suite/MC/AArch64/neon-bitwise-instructions.s.cs
  
#9 318.7   inflating: capstone-8455b3c5a53b02e524494c7e72a3946a32518170/suite/MC/AArch64/neon-compare-instructions.s.cs
  
#9 318.7   inflating: capstone-8455b3c5a53b02e524494c7e72a3946a32518170/suite/MC/AArch64/neon-crypto.s.cs  
#9 318.7   inflating: capstone-8455b3c5a53b02e524494c7e72a3946a32518170/suite/MC/AArch64/neon-extract.s.cs  
#9 318.7   inflating: capstone-8455b3c5a53b02e524494c7e72a3946a32518170/suite/MC/AArch64/neon-facge-facgt.s.cs  
#9 318.7   inflating: capstone-8455b3c5a53b02e524494c7e72a3946a32518170/suite/MC/AArch64/neon-frsqrt-frecp.s.cs  
#9 318.7   inflating: capstone-8455b3c5a53b02e524494c7e72a3946a32518170/suite/MC/AArch64/neon-halving-add-sub.s.cs  
#9 318.7   inflating: capstone-8455b3c5a53b02e524494c7e72a3946a32518170/suite/MC/AArch64/neon-max-min-pairwise.s.cs  
#9 318.7   inflating: capstone-8455b3c5a53b02e524494c7e72a3946a32518170/suite/MC/AArch64/neon-max-min.s.cs  
#9 318.7   inflating: capstone-8455b3c5a53b02e524494c7e72a3946a32518170/suite/MC/AArch64/neon-mla-mls-instructions.s.cs
  
#9 318.7   inflating: capstone-8455b3c5a53b02e524494c7e72a3946a32518170/suite/MC/AArch64/neon-mov.s.cs  
#9 318.7   inflating: capstone-8455b3c5a53b02e524494c7e72a3946a32518170/suite/MC/AArch64/neon-mul-div-instructions.s.cs
  
#9 318.7   inflating: capstone-8455b3c5a53b02e524494c7e72a3946a32518170/suite/MC/AArch64/neon-perm.s.cs  
#9 318.7   inflating: capstone-8455b3c5a53b02e524494c7e72a3946a32518170/suite/MC/AArch64/neon-rounding-halving-add.s.cs
  
#9 318.7   inflating: capstone-8455b3c5a53b02e524494c7e72a3946a32518170/suite/MC/AArch64/neon-rounding-shift.s.cs  
#9 318.7   inflating: capstone-8455b3c5a53b02e524494c7e72a3946a32518170/suite/MC/AArch64/neon-saturating-add-sub.s.cs  
#9 318.7   inflating: capstone-8455b3c5a53b02e524494c7e72a3946a32518170/suite/MC/AArch64/neon-saturating-rounding-shift
.s.cs  
#9 318.7   inflating: capstone-8455b3c5a53b02e524494c7e72a3946a32518170/suite/MC/AArch64/neon-saturating-shift.s.cs  
#9 318.7   inflating: capstone-8455b3c5a53b02e524494c7e72a3946a32518170/suite/MC/AArch64/neon-scalar-abs.s.cs  
#9 318.7   inflating: capstone-8455b3c5a53b02e524494c7e72a3946a32518170/suite/MC/AArch64/neon-scalar-add-sub.s.cs  
#9 318.7   inflating: capstone-8455b3c5a53b02e524494c7e72a3946a32518170/suite/MC/AArch64/neon-scalar-by-elem-mla.s.cs  
#9 318.7   inflating: capstone-8455b3c5a53b02e524494c7e72a3946a32518170/suite/MC/AArch64/neon-scalar-by-elem-mul.s.cs  
#9 318.7   inflating: capstone-8455b3c5a53b02e524494c7e72a3946a32518170/suite/MC/AArch64/neon-scalar-by-elem-saturating
-mla.s.cs  
#9 318.7   inflating: capstone-8455b3c5a53b02e524494c7e72a3946a32518170/suite/MC/AArch64/neon-scalar-by-elem-saturating
-mul.s.cs  
#9 318.7   inflating: capstone-8455b3c5a53b02e524494c7e72a3946a32518170/suite/MC/AArch64/neon-scalar-compare.s.cs  
#9 318.7   inflating: capstone-8455b3c5a53b02e524494c7e72a3946a32518170/suite/MC/AArch64/neon-scalar-cvt.s.cs  
#9 318.7   inflating: capstone-8455b3c5a53b02e524494c7e72a3946a32518170/suite/MC/AArch64/neon-scalar-dup.s.cs  
#9 318.7   inflating: capstone-8455b3c5a53b02e524494c7e72a3946a32518170/suite/MC/AArch64/neon-scalar-extract-narrow.s.c
s  
#9 318.7   inflating: capstone-8455b3c5a53b02e524494c7e72a3946a32518170/suite/MC/AArch64/neon-scalar-fp-compare.s.cs  
#9 318.7   inflating: capstone-8455b3c5a53b02e524494c7e72a3946a32518170/suite/MC/AArch64/neon-scalar-mul.s.cs  
#9 318.7   inflating: capstone-8455b3c5a53b02e524494c7e72a3946a32518170/suite/MC/AArch64/neon-scalar-neg.s.cs  
#9 318.7   inflating: capstone-8455b3c5a53b02e524494c7e72a3946a32518170/suite/MC/AArch64/neon-scalar-recip.s.cs  
#9 318.7   inflating: capstone-8455b3c5a53b02e524494c7e72a3946a32518170/suite/MC/AArch64/neon-scalar-reduce-pairwise.s.
cs  
#9 318.7   inflating: capstone-8455b3c5a53b02e524494c7e72a3946a32518170/suite/MC/AArch64/neon-scalar-rounding-shift.s.c
s  
#9 318.7   inflating: capstone-8455b3c5a53b02e524494c7e72a3946a32518170/suite/MC/AArch64/neon-scalar-saturating-add-sub
.s.cs  
#9 318.7   inflating: capstone-8455b3c5a53b02e524494c7e72a3946a32518170/suite/MC/AArch64/neon-scalar-saturating-roundin
g-shift.s.cs  
#9 318.7   inflating: capstone-8455b3c5a53b02e524494c7e72a3946a32518170/suite/MC/AArch64/neon-scalar-saturating-shift.s
.cs  
#9 318.7   inflating: capstone-8455b3c5a53b02e524494c7e72a3946a32518170/suite/MC/AArch64/neon-scalar-shift-imm.s.cs  
#9 318.7   inflating: capstone-8455b3c5a53b02e524494c7e72a3946a32518170/suite/MC/AArch64/neon-scalar-shift.s.cs  
#9 318.7   inflating: capstone-8455b3c5a53b02e524494c7e72a3946a32518170/suite/MC/AArch64/neon-shift-left-long.s.cs  
#9 318.7   inflating: capstone-8455b3c5a53b02e524494c7e72a3946a32518170/suite/MC/AArch64/neon-shift.s.cs  
#9 318.7   inflating: capstone-8455b3c5a53b02e524494c7e72a3946a32518170/suite/MC/AArch64/neon-simd-copy.s.cs  
#9 318.7   inflating: capstone-8455b3c5a53b02e524494c7e72a3946a32518170/suite/MC/AArch64/neon-simd-ldst-multi-elem.s.cs
  
#9 318.7   inflating: capstone-8455b3c5a53b02e524494c7e72a3946a32518170/suite/MC/AArch64/neon-simd-ldst-one-elem.s.cs  
#9 318.7   inflating: capstone-8455b3c5a53b02e524494c7e72a3946a32518170/suite/MC/AArch64/neon-simd-misc.s.cs  
#9 318.7   inflating: capstone-8455b3c5a53b02e524494c7e72a3946a32518170/suite/MC/AArch64/neon-simd-post-ldst-multi-elem
.s.cs  
#9 318.7   inflating: capstone-8455b3c5a53b02e524494c7e72a3946a32518170/suite/MC/AArch64/neon-simd-shift.s.cs  
#9 318.7   inflating: capstone-8455b3c5a53b02e524494c7e72a3946a32518170/suite/MC/AArch64/neon-tbl.s.cs  
#9 318.7   inflating: capstone-8455b3c5a53b02e524494c7e72a3946a32518170/suite/MC/AArch64/trace-regs.s.cs  
#9 318.7    creating: capstone-8455b3c5a53b02e524494c7e72a3946a32518170/suite/MC/ARM/
#9 318.7   inflating: capstone-8455b3c5a53b02e524494c7e72a3946a32518170/suite/MC/ARM/arm-aliases.s.cs  
#9 318.7   inflating: capstone-8455b3c5a53b02e524494c7e72a3946a32518170/suite/MC/ARM/arm-arithmetic-aliases.s.cs  
#9 318.7   inflating: capstone-8455b3c5a53b02e524494c7e72a3946a32518170/suite/MC/ARM/arm-it-block.s.cs  
#9 318.7   inflating: capstone-8455b3c5a53b02e524494c7e72a3946a32518170/suite/MC/ARM/arm-memory-instructions.s.cs  
#9 318.7   inflating: capstone-8455b3c5a53b02e524494c7e72a3946a32518170/suite/MC/ARM/arm-shift-encoding.s.cs  
#9 318.7   inflating: capstone-8455b3c5a53b02e524494c7e72a3946a32518170/suite/MC/ARM/arm-thumb-trustzone.s.cs  
#9 318.7   inflating: capstone-8455b3c5a53b02e524494c7e72a3946a32518170/suite/MC/ARM/arm-trustzone.s.cs  
#9 318.7   inflating: capstone-8455b3c5a53b02e524494c7e72a3946a32518170/suite/MC/ARM/arm_addrmode2.s.cs  
#9 318.7   inflating: capstone-8455b3c5a53b02e524494c7e72a3946a32518170/suite/MC/ARM/arm_addrmode3.s.cs  
#9 318.7   inflating: capstone-8455b3c5a53b02e524494c7e72a3946a32518170/suite/MC/ARM/arm_instructions.s.cs  
#9 318.7   inflating: capstone-8455b3c5a53b02e524494c7e72a3946a32518170/suite/MC/ARM/basic-arm-instructions-v8.s.cs  
#9 318.7   inflating: capstone-8455b3c5a53b02e524494c7e72a3946a32518170/suite/MC/ARM/basic-arm-instructions.s.cs  
#9 318.7   inflating: capstone-8455b3c5a53b02e524494c7e72a3946a32518170/suite/MC/ARM/basic-thumb-instructions.s.cs  
#9 318.7   inflating: capstone-8455b3c5a53b02e524494c7e72a3946a32518170/suite/MC/ARM/basic-thumb2-instructions-v8.s.cs 
 
#9 318.7   inflating: capstone-8455b3c5a53b02e524494c7e72a3946a32518170/suite/MC/ARM/basic-thumb2-instructions.s.cs  
#9 318.7   inflating: capstone-8455b3c5a53b02e524494c7e72a3946a32518170/suite/MC/ARM/crc32-thumb.s.cs  
#9 318.7   inflating: capstone-8455b3c5a53b02e524494c7e72a3946a32518170/suite/MC/ARM/crc32.s.cs  
#9 318.7   inflating: capstone-8455b3c5a53b02e524494c7e72a3946a32518170/suite/MC/ARM/dot-req.s.cs  
#9 318.7   inflating: capstone-8455b3c5a53b02e524494c7e72a3946a32518170/suite/MC/ARM/fp-armv8.s.cs  
#9 318.7   inflating: capstone-8455b3c5a53b02e524494c7e72a3946a32518170/suite/MC/ARM/fpv8.s.cs  
#9 318.7   inflating: capstone-8455b3c5a53b02e524494c7e72a3946a32518170/suite/MC/ARM/idiv-thumb.s.cs  
#9 318.7   inflating: capstone-8455b3c5a53b02e524494c7e72a3946a32518170/suite/MC/ARM/idiv.s.cs  
#9 318.7   inflating: capstone-8455b3c5a53b02e524494c7e72a3946a32518170/suite/MC/ARM/load-store-acquire-release-v8-thum
b.s.cs  
#9 318.7   inflating: capstone-8455b3c5a53b02e524494c7e72a3946a32518170/suite/MC/ARM/load-store-acquire-release-v8.s.cs
  
#9 318.7   inflating: capstone-8455b3c5a53b02e524494c7e72a3946a32518170/suite/MC/ARM/mode-switch.s.cs  
#9 318.7   inflating: capstone-8455b3c5a53b02e524494c7e72a3946a32518170/suite/MC/ARM/neon-abs-encoding.s.cs  
#9 318.7   inflating: capstone-8455b3c5a53b02e524494c7e72a3946a32518170/suite/MC/ARM/neon-absdiff-encoding.s.cs  
#9 318.8   inflating: capstone-8455b3c5a53b02e524494c7e72a3946a32518170/suite/MC/ARM/neon-add-encoding.s.cs  
#9 318.8   inflating: capstone-8455b3c5a53b02e524494c7e72a3946a32518170/suite/MC/ARM/neon-bitcount-encoding.s.cs  
#9 318.8   inflating: capstone-8455b3c5a53b02e524494c7e72a3946a32518170/suite/MC/ARM/neon-bitwise-encoding.s.cs  
#9 318.8   inflating: capstone-8455b3c5a53b02e524494c7e72a3946a32518170/suite/MC/ARM/neon-cmp-encoding.s.cs  
#9 318.8   inflating: capstone-8455b3c5a53b02e524494c7e72a3946a32518170/suite/MC/ARM/neon-convert-encoding.s.cs  
#9 318.8   inflating: capstone-8455b3c5a53b02e524494c7e72a3946a32518170/suite/MC/ARM/neon-crypto.s.cs  
#9 318.8   inflating: capstone-8455b3c5a53b02e524494c7e72a3946a32518170/suite/MC/ARM/neon-dup-encoding.s.cs  
#9 318.8   inflating: capstone-8455b3c5a53b02e524494c7e72a3946a32518170/suite/MC/ARM/neon-minmax-encoding.s.cs  
#9 318.8   inflating: capstone-8455b3c5a53b02e524494c7e72a3946a32518170/suite/MC/ARM/neon-mov-encoding.s.cs  
#9 318.8   inflating: capstone-8455b3c5a53b02e524494c7e72a3946a32518170/suite/MC/ARM/neon-mul-accum-encoding.s.cs  
#9 318.8   inflating: capstone-8455b3c5a53b02e524494c7e72a3946a32518170/suite/MC/ARM/neon-mul-encoding.s.cs  
#9 318.8   inflating: capstone-8455b3c5a53b02e524494c7e72a3946a32518170/suite/MC/ARM/neon-neg-encoding.s.cs  
#9 318.8   inflating: capstone-8455b3c5a53b02e524494c7e72a3946a32518170/suite/MC/ARM/neon-pairwise-encoding.s.cs  
#9 318.8   inflating: capstone-8455b3c5a53b02e524494c7e72a3946a32518170/suite/MC/ARM/neon-reciprocal-encoding.s.cs  
#9 318.8   inflating: capstone-8455b3c5a53b02e524494c7e72a3946a32518170/suite/MC/ARM/neon-reverse-encoding.s.cs  
#9 318.8   inflating: capstone-8455b3c5a53b02e524494c7e72a3946a32518170/suite/MC/ARM/neon-satshift-encoding.s.cs  
#9 318.8   inflating: capstone-8455b3c5a53b02e524494c7e72a3946a32518170/suite/MC/ARM/neon-shift-encoding.s.cs  
#9 318.8   inflating: capstone-8455b3c5a53b02e524494c7e72a3946a32518170/suite/MC/ARM/neon-shiftaccum-encoding.s.cs  
#9 318.8   inflating: capstone-8455b3c5a53b02e524494c7e72a3946a32518170/suite/MC/ARM/neon-shuffle-encoding.s.cs  
#9 318.8   inflating: capstone-8455b3c5a53b02e524494c7e72a3946a32518170/suite/MC/ARM/neon-sub-encoding.s.cs  
#9 318.8   inflating: capstone-8455b3c5a53b02e524494c7e72a3946a32518170/suite/MC/ARM/neon-table-encoding.s.cs  
#9 318.8   inflating: capstone-8455b3c5a53b02e524494c7e72a3946a32518170/suite/MC/ARM/neon-v8.s.cs  
#9 318.8   inflating: capstone-8455b3c5a53b02e524494c7e72a3946a32518170/suite/MC/ARM/neon-vld-encoding.s.cs  
#9 318.8   inflating: capstone-8455b3c5a53b02e524494c7e72a3946a32518170/suite/MC/ARM/neon-vst-encoding.s.cs  
#9 318.8   inflating: capstone-8455b3c5a53b02e524494c7e72a3946a32518170/suite/MC/ARM/neon-vswp.s.cs  
#9 318.8   inflating: capstone-8455b3c5a53b02e524494c7e72a3946a32518170/suite/MC/ARM/neont2-abs-encoding.s.cs  
#9 318.8   inflating: capstone-8455b3c5a53b02e524494c7e72a3946a32518170/suite/MC/ARM/neont2-absdiff-encoding.s.cs  
#9 318.8   inflating: capstone-8455b3c5a53b02e524494c7e72a3946a32518170/suite/MC/ARM/neont2-add-encoding.s.cs  
#9 318.8   inflating: capstone-8455b3c5a53b02e524494c7e72a3946a32518170/suite/MC/ARM/neont2-bitcount-encoding.s.cs  
#9 318.8   inflating: capstone-8455b3c5a53b02e524494c7e72a3946a32518170/suite/MC/ARM/neont2-bitwise-encoding.s.cs  
#9 318.8   inflating: capstone-8455b3c5a53b02e524494c7e72a3946a32518170/suite/MC/ARM/neont2-cmp-encoding.s.cs  
#9 318.8   inflating: capstone-8455b3c5a53b02e524494c7e72a3946a32518170/suite/MC/ARM/neont2-convert-encoding.s.cs  
#9 318.8   inflating: capstone-8455b3c5a53b02e524494c7e72a3946a32518170/suite/MC/ARM/neont2-dup-encoding.s.cs  
#9 318.8   inflating: capstone-8455b3c5a53b02e524494c7e72a3946a32518170/suite/MC/ARM/neont2-minmax-encoding.s.cs  
#9 318.8   inflating: capstone-8455b3c5a53b02e524494c7e72a3946a32518170/suite/MC/ARM/neont2-mov-encoding.s.cs  
#9 318.8   inflating: capstone-8455b3c5a53b02e524494c7e72a3946a32518170/suite/MC/ARM/neont2-mul-accum-encoding.s.cs  
#9 318.8   inflating: capstone-8455b3c5a53b02e524494c7e72a3946a32518170/suite/MC/ARM/neont2-mul-encoding.s.cs  
#9 318.8   inflating: capstone-8455b3c5a53b02e524494c7e72a3946a32518170/suite/MC/ARM/neont2-neg-encoding.s.cs  
#9 318.8   inflating: capstone-8455b3c5a53b02e524494c7e72a3946a32518170/suite/MC/ARM/neont2-pairwise-encoding.s.cs  
#9 318.8   inflating: capstone-8455b3c5a53b02e524494c7e72a3946a32518170/suite/MC/ARM/neont2-reciprocal-encoding.s.cs  
#9 318.8   inflating: capstone-8455b3c5a53b02e524494c7e72a3946a32518170/suite/MC/ARM/neont2-reverse-encoding.s.cs  
#9 318.8   inflating: capstone-8455b3c5a53b02e524494c7e72a3946a32518170/suite/MC/ARM/neont2-satshift-encoding.s.cs  
#9 318.8   inflating: capstone-8455b3c5a53b02e524494c7e72a3946a32518170/suite/MC/ARM/neont2-shift-encoding.s.cs  
#9 318.8   inflating: capstone-8455b3c5a53b02e524494c7e72a3946a32518170/suite/MC/ARM/neont2-shiftaccum-encoding.s.cs  
#9 318.8   inflating: capstone-8455b3c5a53b02e524494c7e72a3946a32518170/suite/MC/ARM/neont2-shuffle-encoding.s.cs  
#9 318.8   inflating: capstone-8455b3c5a53b02e524494c7e72a3946a32518170/suite/MC/ARM/neont2-sub-encoding.s.cs  
#9 318.8   inflating: capstone-8455b3c5a53b02e524494c7e72a3946a32518170/suite/MC/ARM/neont2-table-encoding.s.cs  
#9 318.8   inflating: capstone-8455b3c5a53b02e524494c7e72a3946a32518170/suite/MC/ARM/neont2-vld-encoding.s.cs  
#9 318.8   inflating: capstone-8455b3c5a53b02e524494c7e72a3946a32518170/suite/MC/ARM/neont2-vst-encoding.s.cs  
#9 318.8   inflating: capstone-8455b3c5a53b02e524494c7e72a3946a32518170/suite/MC/ARM/simple-fp-encoding.s.cs  
#9 318.8   inflating: capstone-8455b3c5a53b02e524494c7e72a3946a32518170/suite/MC/ARM/thumb-fp-armv8.s.cs  
#9 318.8   inflating: capstone-8455b3c5a53b02e524494c7e72a3946a32518170/suite/MC/ARM/thumb-hints.s.cs  
#9 318.8   inflating: capstone-8455b3c5a53b02e524494c7e72a3946a32518170/suite/MC/ARM/thumb-neon-crypto.s.cs  
#9 318.8   inflating: capstone-8455b3c5a53b02e524494c7e72a3946a32518170/suite/MC/ARM/thumb-neon-v8.s.cs  
#9 318.8   inflating: capstone-8455b3c5a53b02e524494c7e72a3946a32518170/suite/MC/ARM/thumb-shift-encoding.s.cs  
#9 318.8   inflating: capstone-8455b3c5a53b02e524494c7e72a3946a32518170/suite/MC/ARM/thumb.s.cs  
#9 318.8   inflating: capstone-8455b3c5a53b02e524494c7e72a3946a32518170/suite/MC/ARM/thumb2-b.w-encodingT4.s.cs  
#9 318.8   inflating: capstone-8455b3c5a53b02e524494c7e72a3946a32518170/suite/MC/ARM/thumb2-branches.s.cs  
#9 318.8   inflating: capstone-8455b3c5a53b02e524494c7e72a3946a32518170/suite/MC/ARM/thumb2-mclass.s.cs  
#9 318.8   inflating: capstone-8455b3c5a53b02e524494c7e72a3946a32518170/suite/MC/ARM/thumb2-narrow-dp.ll.cs  
#9 318.8   inflating: capstone-8455b3c5a53b02e524494c7e72a3946a32518170/suite/MC/ARM/thumb2-pldw.s.cs  
#9 318.8   inflating: capstone-8455b3c5a53b02e524494c7e72a3946a32518170/suite/MC/ARM/vfp4-thumb.s.cs  
#9 318.8   inflating: capstone-8455b3c5a53b02e524494c7e72a3946a32518170/suite/MC/ARM/vfp4.s.cs  
#9 318.8   inflating: capstone-8455b3c5a53b02e524494c7e72a3946a32518170/suite/MC/ARM/vpush-vpop-thumb.s.cs  
#9 318.8   inflating: capstone-8455b3c5a53b02e524494c7e72a3946a32518170/suite/MC/ARM/vpush-vpop.s.cs  
#9 318.8    creating: capstone-8455b3c5a53b02e524494c7e72a3946a32518170/suite/MC/BPF/
#9 318.8   inflating: capstone-8455b3c5a53b02e524494c7e72a3946a32518170/suite/MC/BPF/classic-all.cs  
#9 318.8   inflating: capstone-8455b3c5a53b02e524494c7e72a3946a32518170/suite/MC/BPF/classic-be.cs  
#9 318.8   inflating: capstone-8455b3c5a53b02e524494c7e72a3946a32518170/suite/MC/BPF/extended-all.cs  
#9 318.8   inflating: capstone-8455b3c5a53b02e524494c7e72a3946a32518170/suite/MC/BPF/extended-be.cs  
#9 318.8    creating: capstone-8455b3c5a53b02e524494c7e72a3946a32518170/suite/MC/Mips/
#9 318.8   inflating: capstone-8455b3c5a53b02e524494c7e72a3946a32518170/suite/MC/Mips/hilo-addressing.s.cs  
#9 318.8   inflating: capstone-8455b3c5a53b02e524494c7e72a3946a32518170/suite/MC/Mips/micromips-alu-instructions-EB.s.c
s  
#9 318.8   inflating: capstone-8455b3c5a53b02e524494c7e72a3946a32518170/suite/MC/Mips/micromips-alu-instructions.s.cs  
#9 318.8   inflating: capstone-8455b3c5a53b02e524494c7e72a3946a32518170/suite/MC/Mips/micromips-branch-instructions-EB.
s.cs  
#9 318.8   inflating: capstone-8455b3c5a53b02e524494c7e72a3946a32518170/suite/MC/Mips/micromips-branch-instructions.s.c
s  
#9 318.8   inflating: capstone-8455b3c5a53b02e524494c7e72a3946a32518170/suite/MC/Mips/micromips-expansions.s.cs  
#9 318.8   inflating: capstone-8455b3c5a53b02e524494c7e72a3946a32518170/suite/MC/Mips/micromips-jump-instructions-EB.s.
cs  
#9 318.8   inflating: capstone-8455b3c5a53b02e524494c7e72a3946a32518170/suite/MC/Mips/micromips-jump-instructions.s.cs 
 
#9 318.8   inflating: capstone-8455b3c5a53b02e524494c7e72a3946a32518170/suite/MC/Mips/micromips-loadstore-instructions-
EB.s.cs  
#9 318.8   inflating: capstone-8455b3c5a53b02e524494c7e72a3946a32518170/suite/MC/Mips/micromips-loadstore-instructions.
s.cs  
#9 318.8   inflating: capstone-8455b3c5a53b02e524494c7e72a3946a32518170/suite/MC/Mips/micromips-loadstore-unaligned-EB.
s.cs  
#9 318.8   inflating: capstone-8455b3c5a53b02e524494c7e72a3946a32518170/suite/MC/Mips/micromips-loadstore-unaligned.s.c
s  
#9 318.8   inflating: capstone-8455b3c5a53b02e524494c7e72a3946a32518170/suite/MC/Mips/micromips-movcond-instructions-EB
.s.cs  
#9 318.8   inflating: capstone-8455b3c5a53b02e524494c7e72a3946a32518170/suite/MC/Mips/micromips-movcond-instructions.s.
cs  
#9 318.8   inflating: capstone-8455b3c5a53b02e524494c7e72a3946a32518170/suite/MC/Mips/micromips-multiply-instructions-E
B.s.cs  
#9 318.8   inflating: capstone-8455b3c5a53b02e524494c7e72a3946a32518170/suite/MC/Mips/micromips-multiply-instructions.s
.cs  
#9 318.8   inflating: capstone-8455b3c5a53b02e524494c7e72a3946a32518170/suite/MC/Mips/micromips-shift-instructions-EB.s
.cs  
#9 318.8   inflating: capstone-8455b3c5a53b02e524494c7e72a3946a32518170/suite/MC/Mips/micromips-shift-instructions.s.cs
  
#9 318.8   inflating: capstone-8455b3c5a53b02e524494c7e72a3946a32518170/suite/MC/Mips/micromips-trap-instructions-EB.s.
cs  
#9 318.8   inflating: capstone-8455b3c5a53b02e524494c7e72a3946a32518170/suite/MC/Mips/micromips-trap-instructions.s.cs 
 
#9 318.8   inflating: capstone-8455b3c5a53b02e524494c7e72a3946a32518170/suite/MC/Mips/mips-alu-instructions.s.cs  
#9 318.8   inflating: capstone-8455b3c5a53b02e524494c7e72a3946a32518170/suite/MC/Mips/mips-control-instructions-64.s.cs
  
#9 318.8   inflating: capstone-8455b3c5a53b02e524494c7e72a3946a32518170/suite/MC/Mips/mips-control-instructions.s.cs  
#9 318.8   inflating: capstone-8455b3c5a53b02e524494c7e72a3946a32518170/suite/MC/Mips/mips-coprocessor-encodings.s.cs  
#9 318.8   inflating: capstone-8455b3c5a53b02e524494c7e72a3946a32518170/suite/MC/Mips/mips-dsp-instructions.s.cs  
#9 318.8   inflating: capstone-8455b3c5a53b02e524494c7e72a3946a32518170/suite/MC/Mips/mips-expansions.s.cs  
#9 318.8   inflating: capstone-8455b3c5a53b02e524494c7e72a3946a32518170/suite/MC/Mips/mips-fpu-instructions.s.cs  
#9 318.8   inflating: capstone-8455b3c5a53b02e524494c7e72a3946a32518170/suite/MC/Mips/mips-jump-instructions.s.cs  
#9 318.8   inflating: capstone-8455b3c5a53b02e524494c7e72a3946a32518170/suite/MC/Mips/mips-memory-instructions.s.cs  
#9 318.8   inflating: capstone-8455b3c5a53b02e524494c7e72a3946a32518170/suite/MC/Mips/mips-register-names.s.cs  
#9 318.8   inflating: capstone-8455b3c5a53b02e524494c7e72a3946a32518170/suite/MC/Mips/mips64-alu-instructions.s.cs  
#9 318.8   inflating: capstone-8455b3c5a53b02e524494c7e72a3946a32518170/suite/MC/Mips/mips64-instructions.s.cs  
#9 318.8   inflating: capstone-8455b3c5a53b02e524494c7e72a3946a32518170/suite/MC/Mips/mips64-register-names.s.cs  
#9 318.8   inflating: capstone-8455b3c5a53b02e524494c7e72a3946a32518170/suite/MC/Mips/mips_directives.s.cs  
#9 318.8   inflating: capstone-8455b3c5a53b02e524494c7e72a3946a32518170/suite/MC/Mips/nabi-regs.s.cs  
#9 318.8   inflating: capstone-8455b3c5a53b02e524494c7e72a3946a32518170/suite/MC/Mips/set-at-directive.s.cs  
#9 318.8   inflating: capstone-8455b3c5a53b02e524494c7e72a3946a32518170/suite/MC/Mips/test_2r.s.cs  
#9 318.8   inflating: capstone-8455b3c5a53b02e524494c7e72a3946a32518170/suite/MC/Mips/test_2rf.s.cs  
#9 318.8   inflating: capstone-8455b3c5a53b02e524494c7e72a3946a32518170/suite/MC/Mips/test_3r.s.cs  
#9 318.8   inflating: capstone-8455b3c5a53b02e524494c7e72a3946a32518170/suite/MC/Mips/test_3rf.s.cs  
#9 318.8   inflating: capstone-8455b3c5a53b02e524494c7e72a3946a32518170/suite/MC/Mips/test_bit.s.cs  
#9 318.8   inflating: capstone-8455b3c5a53b02e524494c7e72a3946a32518170/suite/MC/Mips/test_cbranch.s.cs  
#9 318.8   inflating: capstone-8455b3c5a53b02e524494c7e72a3946a32518170/suite/MC/Mips/test_ctrlregs.s.cs  
#9 318.8   inflating: capstone-8455b3c5a53b02e524494c7e72a3946a32518170/suite/MC/Mips/test_elm.s.cs  
#9 318.8   inflating: capstone-8455b3c5a53b02e524494c7e72a3946a32518170/suite/MC/Mips/test_elm_insert.s.cs  
#9 318.8   inflating: capstone-8455b3c5a53b02e524494c7e72a3946a32518170/suite/MC/Mips/test_elm_insve.s.cs  
#9 318.8   inflating: capstone-8455b3c5a53b02e524494c7e72a3946a32518170/suite/MC/Mips/test_i10.s.cs  
#9 318.8   inflating: capstone-8455b3c5a53b02e524494c7e72a3946a32518170/suite/MC/Mips/test_i5.s.cs  
#9 318.8   inflating: capstone-8455b3c5a53b02e524494c7e72a3946a32518170/suite/MC/Mips/test_i8.s.cs  
#9 318.8   inflating: capstone-8455b3c5a53b02e524494c7e72a3946a32518170/suite/MC/Mips/test_lsa.s.cs  
#9 318.8   inflating: capstone-8455b3c5a53b02e524494c7e72a3946a32518170/suite/MC/Mips/test_mi10.s.cs  
#9 318.8   inflating: capstone-8455b3c5a53b02e524494c7e72a3946a32518170/suite/MC/Mips/test_vec.s.cs  
#9 318.8    creating: capstone-8455b3c5a53b02e524494c7e72a3946a32518170/suite/MC/PowerPC/
#9 318.8   inflating: capstone-8455b3c5a53b02e524494c7e72a3946a32518170/suite/MC/PowerPC/ppc64-encoding-bookII.s.cs  
#9 318.8   inflating: capstone-8455b3c5a53b02e524494c7e72a3946a32518170/suite/MC/PowerPC/ppc64-encoding-bookIII.s.cs  
#9 318.8   inflating: capstone-8455b3c5a53b02e524494c7e72a3946a32518170/suite/MC/PowerPC/ppc64-encoding-ext.s.cs  
#9 318.8   inflating: capstone-8455b3c5a53b02e524494c7e72a3946a32518170/suite/MC/PowerPC/ppc64-encoding-fp.s.cs  
#9 318.8   inflating: capstone-8455b3c5a53b02e524494c7e72a3946a32518170/suite/MC/PowerPC/ppc64-encoding-vmx.s.cs  
#9 318.8   inflating: capstone-8455b3c5a53b02e524494c7e72a3946a32518170/suite/MC/PowerPC/ppc64-encoding.s.cs  
#9 318.8   inflating: capstone-8455b3c5a53b02e524494c7e72a3946a32518170/suite/MC/PowerPC/ppc64-operands.s.cs  
#9 318.8   inflating: capstone-8455b3c5a53b02e524494c7e72a3946a32518170/suite/MC/README  
#9 318.8    creating: capstone-8455b3c5a53b02e524494c7e72a3946a32518170/suite/MC/RISCV/
#9 318.8   inflating: capstone-8455b3c5a53b02e524494c7e72a3946a32518170/suite/MC/RISCV/insn-riscv32.s.cs  
#9 318.8   inflating: capstone-8455b3c5a53b02e524494c7e72a3946a32518170/suite/MC/RISCV/insn-riscv64.s.cs  
#9 318.8    creating: capstone-8455b3c5a53b02e524494c7e72a3946a32518170/suite/MC/Sparc/
#9 318.8   inflating: capstone-8455b3c5a53b02e524494c7e72a3946a32518170/suite/MC/Sparc/sparc-alu-instructions.s.cs  
#9 318.8   inflating: capstone-8455b3c5a53b02e524494c7e72a3946a32518170/suite/MC/Sparc/sparc-atomic-instructions.s.cs  
#9 318.8   inflating: capstone-8455b3c5a53b02e524494c7e72a3946a32518170/suite/MC/Sparc/sparc-ctrl-instructions.s.cs  
#9 318.8   inflating: capstone-8455b3c5a53b02e524494c7e72a3946a32518170/suite/MC/Sparc/sparc-fp-instructions.s.cs  
#9 318.8   inflating: capstone-8455b3c5a53b02e524494c7e72a3946a32518170/suite/MC/Sparc/sparc-mem-instructions.s.cs  
#9 318.8   inflating: capstone-8455b3c5a53b02e524494c7e72a3946a32518170/suite/MC/Sparc/sparc-vis.s.cs  
#9 318.8   inflating: capstone-8455b3c5a53b02e524494c7e72a3946a32518170/suite/MC/Sparc/sparc64-alu-instructions.s.cs  
#9 318.8   inflating: capstone-8455b3c5a53b02e524494c7e72a3946a32518170/suite/MC/Sparc/sparc64-ctrl-instructions.s.cs  
#9 318.8   inflating: capstone-8455b3c5a53b02e524494c7e72a3946a32518170/suite/MC/Sparc/sparcv8-instructions.s.cs  
#9 318.8   inflating: capstone-8455b3c5a53b02e524494c7e72a3946a32518170/suite/MC/Sparc/sparcv9-instructions.s.cs  
#9 318.8    creating: capstone-8455b3c5a53b02e524494c7e72a3946a32518170/suite/MC/SystemZ/
#9 318.8   inflating: capstone-8455b3c5a53b02e524494c7e72a3946a32518170/suite/MC/SystemZ/insn-good-z196.s.cs  
#9 318.8   inflating: capstone-8455b3c5a53b02e524494c7e72a3946a32518170/suite/MC/SystemZ/insn-good.s.cs  
#9 318.8   inflating: capstone-8455b3c5a53b02e524494c7e72a3946a32518170/suite/MC/SystemZ/regs-good.s.cs  
#9 318.8    creating: capstone-8455b3c5a53b02e524494c7e72a3946a32518170/suite/MC/TriCore/
#9 318.8   inflating: capstone-8455b3c5a53b02e524494c7e72a3946a32518170/suite/MC/TriCore/ADC_Background_Scan_1_KIT_TC27
5_LK.s.cs  
#9 318.8   inflating: capstone-8455b3c5a53b02e524494c7e72a3946a32518170/suite/MC/TriCore/ADC_Queued_Scan_1_KIT_TC397_TF
T.s.cs  
#9 318.8   inflating: capstone-8455b3c5a53b02e524494c7e72a3946a32518170/suite/MC/TriCore/J_Call_Loop.s.cs  
#9 318.8   inflating: capstone-8455b3c5a53b02e524494c7e72a3946a32518170/suite/MC/TriCore/LoadStore.s.cs  
#9 318.8   inflating: capstone-8455b3c5a53b02e524494c7e72a3946a32518170/suite/MC/TriCore/csfr.s.cs  
#9 318.8   inflating: capstone-8455b3c5a53b02e524494c7e72a3946a32518170/suite/MC/TriCore/debug.s.cs  
#9 318.8   inflating: capstone-8455b3c5a53b02e524494c7e72a3946a32518170/suite/MC/TriCore/extr_u.s.cs  
#9 318.8   inflating: capstone-8455b3c5a53b02e524494c7e72a3946a32518170/suite/MC/TriCore/handwrite.s.cs  
#9 318.8   inflating: capstone-8455b3c5a53b02e524494c7e72a3946a32518170/suite/MC/TriCore/iLLD_TC375_ADS_Bluetooth_RFCOM
M.s.cs  
#9 318.8   inflating: capstone-8455b3c5a53b02e524494c7e72a3946a32518170/suite/MC/TriCore/ldst_br_circ.s.cs  
#9 318.8   inflating: capstone-8455b3c5a53b02e524494c7e72a3946a32518170/suite/MC/TriCore/rr_insn.s.cs  
#9 318.8   inflating: capstone-8455b3c5a53b02e524494c7e72a3946a32518170/suite/MC/TriCore/tc110.s.cs  
#9 318.8   inflating: capstone-8455b3c5a53b02e524494c7e72a3946a32518170/suite/MC/TriCore/tc120.s.cs  
#9 318.8   inflating: capstone-8455b3c5a53b02e524494c7e72a3946a32518170/suite/MC/TriCore/tc130.s.cs  
#9 318.8   inflating: capstone-8455b3c5a53b02e524494c7e72a3946a32518170/suite/MC/TriCore/tc131.s.cs  
#9 318.8   inflating: capstone-8455b3c5a53b02e524494c7e72a3946a32518170/suite/MC/TriCore/tc160.s.cs  
#9 318.8   inflating: capstone-8455b3c5a53b02e524494c7e72a3946a32518170/suite/MC/TriCore/tc161.s.cs  
#9 318.8   inflating: capstone-8455b3c5a53b02e524494c7e72a3946a32518170/suite/MC/TriCore/tc162.s.cs  
#9 318.8    creating: capstone-8455b3c5a53b02e524494c7e72a3946a32518170/suite/MC/X86/
#9 318.8   inflating: capstone-8455b3c5a53b02e524494c7e72a3946a32518170/suite/MC/X86/3DNow.s.cs  
#9 318.8   inflating: capstone-8455b3c5a53b02e524494c7e72a3946a32518170/suite/MC/X86/address-size.s.cs  
#9 318.8   inflating: capstone-8455b3c5a53b02e524494c7e72a3946a32518170/suite/MC/X86/avx512-encodings.s.cs  
#9 318.8   inflating: capstone-8455b3c5a53b02e524494c7e72a3946a32518170/suite/MC/X86/intel-syntax-encoding.s.cs  
#9 318.8   inflating: capstone-8455b3c5a53b02e524494c7e72a3946a32518170/suite/MC/X86/x86-32-avx.s.cs  
#9 318.8   inflating: capstone-8455b3c5a53b02e524494c7e72a3946a32518170/suite/MC/X86/x86-32-fma3.s.cs  
#9 318.8   inflating: capstone-8455b3c5a53b02e524494c7e72a3946a32518170/suite/MC/X86/x86-32-ms-inline-asm.s.cs  
#9 318.8   inflating: capstone-8455b3c5a53b02e524494c7e72a3946a32518170/suite/MC/X86/x86_64-avx-clmul-encoding.s.cs  
#9 318.8   inflating: capstone-8455b3c5a53b02e524494c7e72a3946a32518170/suite/MC/X86/x86_64-avx-encoding.s.cs  
#9 318.8   inflating: capstone-8455b3c5a53b02e524494c7e72a3946a32518170/suite/MC/X86/x86_64-bmi-encoding.s.cs  
#9 318.8   inflating: capstone-8455b3c5a53b02e524494c7e72a3946a32518170/suite/MC/X86/x86_64-encoding.s.cs  
#9 318.8   inflating: capstone-8455b3c5a53b02e524494c7e72a3946a32518170/suite/MC/X86/x86_64-fma3-encoding.s.cs  
#9 318.8   inflating: capstone-8455b3c5a53b02e524494c7e72a3946a32518170/suite/MC/X86/x86_64-fma4-encoding.s.cs  
#9 318.8   inflating: capstone-8455b3c5a53b02e524494c7e72a3946a32518170/suite/MC/X86/x86_64-imm-widths.s.cs  
#9 318.8   inflating: capstone-8455b3c5a53b02e524494c7e72a3946a32518170/suite/MC/X86/x86_64-rand-encoding.s.cs  
#9 318.8   inflating: capstone-8455b3c5a53b02e524494c7e72a3946a32518170/suite/MC/X86/x86_64-rtm-encoding.s.cs  
#9 318.8   inflating: capstone-8455b3c5a53b02e524494c7e72a3946a32518170/suite/MC/X86/x86_64-sse4a.s.cs  
#9 318.8   inflating: capstone-8455b3c5a53b02e524494c7e72a3946a32518170/suite/MC/X86/x86_64-tbm-encoding.s.cs  
#9 318.8   inflating: capstone-8455b3c5a53b02e524494c7e72a3946a32518170/suite/MC/X86/x86_64-xop-encoding.s.cs  
#9 318.8   inflating: capstone-8455b3c5a53b02e524494c7e72a3946a32518170/suite/README  
#9 318.8    creating: capstone-8455b3c5a53b02e524494c7e72a3946a32518170/suite/arm/
#9 318.8   inflating: capstone-8455b3c5a53b02e524494c7e72a3946a32518170/suite/arm/Makefile  
#9 318.8   inflating: capstone-8455b3c5a53b02e524494c7e72a3946a32518170/suite/arm/test_arm_regression.c  
#9 318.8   inflating: capstone-8455b3c5a53b02e524494c7e72a3946a32518170/suite/autogen_x86imm.py  
#9 318.8   inflating: capstone-8455b3c5a53b02e524494c7e72a3946a32518170/suite/benchmark.py  
#9 318.8    creating: capstone-8455b3c5a53b02e524494c7e72a3946a32518170/suite/benchmark/
#9 318.8   inflating: capstone-8455b3c5a53b02e524494c7e72a3946a32518170/suite/benchmark/Makefile  
#9 318.8   inflating: capstone-8455b3c5a53b02e524494c7e72a3946a32518170/suite/benchmark/README.md  
#9 318.8   inflating: capstone-8455b3c5a53b02e524494c7e72a3946a32518170/suite/benchmark/load_bin.inc  
#9 318.8   inflating: capstone-8455b3c5a53b02e524494c7e72a3946a32518170/suite/benchmark/test_file_benchmark.c  
#9 318.8   inflating: capstone-8455b3c5a53b02e524494c7e72a3946a32518170/suite/benchmark/test_iter_benchmark.c  
#9 318.8   inflating: capstone-8455b3c5a53b02e524494c7e72a3946a32518170/suite/capstone_get_setup.c  
#9 318.8   inflating: capstone-8455b3c5a53b02e524494c7e72a3946a32518170/suite/check_wheel_bin_arch.py  
#9 318.8   inflating: capstone-8455b3c5a53b02e524494c7e72a3946a32518170/suite/compile_all.sh  
#9 318.8    creating: capstone-8455b3c5a53b02e524494c7e72a3946a32518170/suite/cstest/
#9 318.8   inflating: capstone-8455b3c5a53b02e524494c7e72a3946a32518170/suite/cstest/Makefile  
#9 318.8   inflating: capstone-8455b3c5a53b02e524494c7e72a3946a32518170/suite/cstest/README.md  
#9 318.8   inflating: capstone-8455b3c5a53b02e524494c7e72a3946a32518170/suite/cstest/build_cstest.sh  
#9 318.8   inflating: capstone-8455b3c5a53b02e524494c7e72a3946a32518170/suite/cstest/cstest_report.py  
#9 318.8    creating: capstone-8455b3c5a53b02e524494c7e72a3946a32518170/suite/cstest/include/
#9 318.8   inflating: capstone-8455b3c5a53b02e524494c7e72a3946a32518170/suite/cstest/include/capstone_test.h  
#9 318.8   inflating: capstone-8455b3c5a53b02e524494c7e72a3946a32518170/suite/cstest/include/factory.h  
#9 318.8   inflating: capstone-8455b3c5a53b02e524494c7e72a3946a32518170/suite/cstest/include/helper.h  
#9 318.8   inflating: capstone-8455b3c5a53b02e524494c7e72a3946a32518170/suite/cstest/issues.cs  
#9 318.8    creating: capstone-8455b3c5a53b02e524494c7e72a3946a32518170/suite/cstest/src/
#9 318.8   inflating: capstone-8455b3c5a53b02e524494c7e72a3946a32518170/suite/cstest/src/arm64_detail.c  
#9 318.8   inflating: capstone-8455b3c5a53b02e524494c7e72a3946a32518170/suite/cstest/src/arm_detail.c  
#9 318.8   inflating: capstone-8455b3c5a53b02e524494c7e72a3946a32518170/suite/cstest/src/bpf_detail.c  
#9 318.8   inflating: capstone-8455b3c5a53b02e524494c7e72a3946a32518170/suite/cstest/src/capstone_test.c  
#9 318.8   inflating: capstone-8455b3c5a53b02e524494c7e72a3946a32518170/suite/cstest/src/evm_detail.c  
#9 318.8   inflating: capstone-8455b3c5a53b02e524494c7e72a3946a32518170/suite/cstest/src/helper.c  
#9 318.8   inflating: capstone-8455b3c5a53b02e524494c7e72a3946a32518170/suite/cstest/src/m680x_detail.c  
#9 318.8   inflating: capstone-8455b3c5a53b02e524494c7e72a3946a32518170/suite/cstest/src/m68k_detail.c  
#9 318.8   inflating: capstone-8455b3c5a53b02e524494c7e72a3946a32518170/suite/cstest/src/main.c  
#9 318.8   inflating: capstone-8455b3c5a53b02e524494c7e72a3946a32518170/suite/cstest/src/mips_detail.c  
#9 318.8   inflating: capstone-8455b3c5a53b02e524494c7e72a3946a32518170/suite/cstest/src/mos65xx_detail.c  
#9 318.8   inflating: capstone-8455b3c5a53b02e524494c7e72a3946a32518170/suite/cstest/src/ppc_detail.c  
#9 318.8   inflating: capstone-8455b3c5a53b02e524494c7e72a3946a32518170/suite/cstest/src/riscv_detail.c  
#9 318.8   inflating: capstone-8455b3c5a53b02e524494c7e72a3946a32518170/suite/cstest/src/sparc_detail.c  
#9 318.8   inflating: capstone-8455b3c5a53b02e524494c7e72a3946a32518170/suite/cstest/src/systemz_detail.c  
#9 318.8   inflating: capstone-8455b3c5a53b02e524494c7e72a3946a32518170/suite/cstest/src/tms320c64x_detail.c  
#9 318.8   inflating: capstone-8455b3c5a53b02e524494c7e72a3946a32518170/suite/cstest/src/tricore_detail.c  
#9 318.8   inflating: capstone-8455b3c5a53b02e524494c7e72a3946a32518170/suite/cstest/src/x86_detail.c  
#9 318.8   inflating: capstone-8455b3c5a53b02e524494c7e72a3946a32518170/suite/cstest/src/xcore_detail.c  
#9 318.8   inflating: capstone-8455b3c5a53b02e524494c7e72a3946a32518170/suite/disasm_mc.py  
#9 318.8   inflating: capstone-8455b3c5a53b02e524494c7e72a3946a32518170/suite/disasm_mc.sh  
#9 318.8   inflating: capstone-8455b3c5a53b02e524494c7e72a3946a32518170/suite/fuzz.py  
#9 318.8    creating: capstone-8455b3c5a53b02e524494c7e72a3946a32518170/suite/fuzz/
#9 318.8   inflating: capstone-8455b3c5a53b02e524494c7e72a3946a32518170/suite/fuzz/Makefile  
#9 318.8   inflating: capstone-8455b3c5a53b02e524494c7e72a3946a32518170/suite/fuzz/README  
#9 318.8   inflating: capstone-8455b3c5a53b02e524494c7e72a3946a32518170/suite/fuzz/README.md  
#9 318.8   inflating: capstone-8455b3c5a53b02e524494c7e72a3946a32518170/suite/fuzz/driverbin.c  
#9 318.8   inflating: capstone-8455b3c5a53b02e524494c7e72a3946a32518170/suite/fuzz/drivermc.c  
#9 318.8   inflating: capstone-8455b3c5a53b02e524494c7e72a3946a32518170/suite/fuzz/fuzz_decode_platform.c  
#9 318.8   inflating: capstone-8455b3c5a53b02e524494c7e72a3946a32518170/suite/fuzz/fuzz_diff.c  
#9 318.8   inflating: capstone-8455b3c5a53b02e524494c7e72a3946a32518170/suite/fuzz/fuzz_disasm.c  
#9 318.8  extracting: capstone-8455b3c5a53b02e524494c7e72a3946a32518170/suite/fuzz/fuzz_disasm.options  
#9 318.8   inflating: capstone-8455b3c5a53b02e524494c7e72a3946a32518170/suite/fuzz/fuzz_harness.c  
#9 318.8   inflating: capstone-8455b3c5a53b02e524494c7e72a3946a32518170/suite/fuzz/fuzz_llvm.cpp  
#9 318.8   inflating: capstone-8455b3c5a53b02e524494c7e72a3946a32518170/suite/fuzz/fuzzit.sh  
#9 318.8   inflating: capstone-8455b3c5a53b02e524494c7e72a3946a32518170/suite/fuzz/fuzzitid.txt  
#9 318.8   inflating: capstone-8455b3c5a53b02e524494c7e72a3946a32518170/suite/fuzz/onefile.c  
#9 318.8   inflating: capstone-8455b3c5a53b02e524494c7e72a3946a32518170/suite/fuzz/platform.c  
#9 318.8   inflating: capstone-8455b3c5a53b02e524494c7e72a3946a32518170/suite/fuzz/platform.h  
#9 318.8   inflating: capstone-8455b3c5a53b02e524494c7e72a3946a32518170/suite/gencstest.py  
#9 318.8   inflating: capstone-8455b3c5a53b02e524494c7e72a3946a32518170/suite/patch_major_os_version.py  
#9 318.8   inflating: capstone-8455b3c5a53b02e524494c7e72a3946a32518170/suite/ppcbranch.py  
#9 318.8   inflating: capstone-8455b3c5a53b02e524494c7e72a3946a32518170/suite/python_capstone_setup.py  
#9 318.8   inflating: capstone-8455b3c5a53b02e524494c7e72a3946a32518170/suite/regress.py  
#9 318.8    creating: capstone-8455b3c5a53b02e524494c7e72a3946a32518170/suite/regress/
#9 318.8   inflating: capstone-8455b3c5a53b02e524494c7e72a3946a32518170/suite/regress/LICENSE  
#9 318.8   inflating: capstone-8455b3c5a53b02e524494c7e72a3946a32518170/suite/regress/Makefile  
#9 318.8   inflating: capstone-8455b3c5a53b02e524494c7e72a3946a32518170/suite/regress/invalid_read_in_print_operand.c  
#9 318.8   inflating: capstone-8455b3c5a53b02e524494c7e72a3946a32518170/suite/regress/regress.py  
#9 318.8   inflating: capstone-8455b3c5a53b02e524494c7e72a3946a32518170/suite/regress/test_arm64_bra.py  
#9 318.8   inflating: capstone-8455b3c5a53b02e524494c7e72a3946a32518170/suite/regress/test_arm64_ldr_registers.py  
#9 318.8   inflating: capstone-8455b3c5a53b02e524494c7e72a3946a32518170/suite/regress/test_arm64_mov.py  
#9 318.8   inflating: capstone-8455b3c5a53b02e524494c7e72a3946a32518170/suite/regress/test_arm64_pac.py  
#9 318.8    creating: capstone-8455b3c5a53b02e524494c7e72a3946a32518170/suite/synctools/
#9 318.8   inflating: capstone-8455b3c5a53b02e524494c7e72a3946a32518170/suite/synctools/.gitignore  
#9 318.8   inflating: capstone-8455b3c5a53b02e524494c7e72a3946a32518170/suite/synctools/Makefile  
#9 318.8   inflating: capstone-8455b3c5a53b02e524494c7e72a3946a32518170/suite/synctools/README  
#9 318.8   inflating: capstone-8455b3c5a53b02e524494c7e72a3946a32518170/suite/synctools/X86DisassemblerDecoderCommon.h 
 
#9 318.8   inflating: capstone-8455b3c5a53b02e524494c7e72a3946a32518170/suite/synctools/arm64_gen_vreg.c  
#9 318.8   inflating: capstone-8455b3c5a53b02e524494c7e72a3946a32518170/suite/synctools/asmwriter.py  
#9 318.8   inflating: capstone-8455b3c5a53b02e524494c7e72a3946a32518170/suite/synctools/compare_mapping_insn.py  
#9 318.8   inflating: capstone-8455b3c5a53b02e524494c7e72a3946a32518170/suite/synctools/disassemblertables-arch.py  
#9 318.8   inflating: capstone-8455b3c5a53b02e524494c7e72a3946a32518170/suite/synctools/disassemblertables.py  
#9 318.8   inflating: capstone-8455b3c5a53b02e524494c7e72a3946a32518170/suite/synctools/disassemblertables2.c  
#9 318.8   inflating: capstone-8455b3c5a53b02e524494c7e72a3946a32518170/suite/synctools/disassemblertables_reduce.py  
#9 318.8   inflating: capstone-8455b3c5a53b02e524494c7e72a3946a32518170/suite/synctools/genall-arch.sh  
#9 318.8   inflating: capstone-8455b3c5a53b02e524494c7e72a3946a32518170/suite/synctools/genall-full.sh  
#9 318.8   inflating: capstone-8455b3c5a53b02e524494c7e72a3946a32518170/suite/synctools/genall-reduce.sh  
#9 318.8   inflating: capstone-8455b3c5a53b02e524494c7e72a3946a32518170/suite/synctools/insn.py  
#9 318.8   inflating: capstone-8455b3c5a53b02e524494c7e72a3946a32518170/suite/synctools/insn3.py  
#9 318.8   inflating: capstone-8455b3c5a53b02e524494c7e72a3946a32518170/suite/synctools/insn_check.py  
#9 318.8   inflating: capstone-8455b3c5a53b02e524494c7e72a3946a32518170/suite/synctools/instrinfo-arch.py  
#9 318.8   inflating: capstone-8455b3c5a53b02e524494c7e72a3946a32518170/suite/synctools/instrinfo.py  
#9 318.8   inflating: capstone-8455b3c5a53b02e524494c7e72a3946a32518170/suite/synctools/mapping_insn-arch.py  
#9 318.8   inflating: capstone-8455b3c5a53b02e524494c7e72a3946a32518170/suite/synctools/mapping_insn.py  
#9 318.8   inflating: capstone-8455b3c5a53b02e524494c7e72a3946a32518170/suite/synctools/mapping_insn_name-arch.py  
#9 318.8   inflating: capstone-8455b3c5a53b02e524494c7e72a3946a32518170/suite/synctools/mapping_insn_name.py  
#9 318.8   inflating: capstone-8455b3c5a53b02e524494c7e72a3946a32518170/suite/synctools/mapping_insn_op-arch.py  
#9 318.8   inflating: capstone-8455b3c5a53b02e524494c7e72a3946a32518170/suite/synctools/mapping_insn_op.py  
#9 318.8   inflating: capstone-8455b3c5a53b02e524494c7e72a3946a32518170/suite/synctools/mapping_reg.py  
#9 318.8   inflating: capstone-8455b3c5a53b02e524494c7e72a3946a32518170/suite/synctools/register.py  
#9 318.8   inflating: capstone-8455b3c5a53b02e524494c7e72a3946a32518170/suite/synctools/registerinfo.py  
#9 318.8    creating: capstone-8455b3c5a53b02e524494c7e72a3946a32518170/suite/synctools/strinforeduce/
#9 318.8   inflating: capstone-8455b3c5a53b02e524494c7e72a3946a32518170/suite/synctools/strinforeduce/Makefile  
#9 318.8   inflating: capstone-8455b3c5a53b02e524494c7e72a3946a32518170/suite/synctools/strinforeduce/README  
#9 318.8   inflating: capstone-8455b3c5a53b02e524494c7e72a3946a32518170/suite/synctools/strinforeduce/instrinfo2.py  
#9 318.8   inflating: capstone-8455b3c5a53b02e524494c7e72a3946a32518170/suite/synctools/strinforeduce/strinforeduce.cpp
  
#9 318.8   inflating: capstone-8455b3c5a53b02e524494c7e72a3946a32518170/suite/synctools/subtargetinfo.py  
#9 318.8   inflating: capstone-8455b3c5a53b02e524494c7e72a3946a32518170/suite/synctools/systemoperand.py  
#9 318.8   inflating: capstone-8455b3c5a53b02e524494c7e72a3946a32518170/suite/synctools/systemregister.py  
#9 318.8    creating: capstone-8455b3c5a53b02e524494c7e72a3946a32518170/suite/synctools/tablegen/
#9 318.8    creating: capstone-8455b3c5a53b02e524494c7e72a3946a32518170/suite/synctools/tablegen/AArch64/
#9 318.8   inflating: capstone-8455b3c5a53b02e524494c7e72a3946a32518170/suite/synctools/tablegen/AArch64/AArch64.td  
#9 318.8   inflating: capstone-8455b3c5a53b02e524494c7e72a3946a32518170/suite/synctools/tablegen/AArch64/AArch64Calling
Convention.td  
#9 318.8   inflating: capstone-8455b3c5a53b02e524494c7e72a3946a32518170/suite/synctools/tablegen/AArch64/AArch64Combine
.td  
#9 318.8   inflating: capstone-8455b3c5a53b02e524494c7e72a3946a32518170/suite/synctools/tablegen/AArch64/AArch64GenRegi
sterBankInfo.def  
#9 318.8   inflating: capstone-8455b3c5a53b02e524494c7e72a3946a32518170/suite/synctools/tablegen/AArch64/AArch64InstrAt
omics.td  
#9 318.8   inflating: capstone-8455b3c5a53b02e524494c7e72a3946a32518170/suite/synctools/tablegen/AArch64/AArch64InstrFo
rmats.td  
#9 318.8   inflating: capstone-8455b3c5a53b02e524494c7e72a3946a32518170/suite/synctools/tablegen/AArch64/AArch64InstrGI
Sel.td  
#9 318.8   inflating: capstone-8455b3c5a53b02e524494c7e72a3946a32518170/suite/synctools/tablegen/AArch64/AArch64InstrIn
fo.td  
#9 318.8   inflating: capstone-8455b3c5a53b02e524494c7e72a3946a32518170/suite/synctools/tablegen/AArch64/AArch64PfmCoun
ters.td  
#9 318.8   inflating: capstone-8455b3c5a53b02e524494c7e72a3946a32518170/suite/synctools/tablegen/AArch64/AArch64Registe
rBanks.td  
#9 318.8   inflating: capstone-8455b3c5a53b02e524494c7e72a3946a32518170/suite/synctools/tablegen/AArch64/AArch64Registe
rInfo.td  
#9 318.8   inflating: capstone-8455b3c5a53b02e524494c7e72a3946a32518170/suite/synctools/tablegen/AArch64/AArch64SMEInst
rInfo.td  
#9 318.8   inflating: capstone-8455b3c5a53b02e524494c7e72a3946a32518170/suite/synctools/tablegen/AArch64/AArch64SVEInst
rInfo.td  
#9 318.8   inflating: capstone-8455b3c5a53b02e524494c7e72a3946a32518170/suite/synctools/tablegen/AArch64/AArch64SchedA5
3.td  
#9 318.8   inflating: capstone-8455b3c5a53b02e524494c7e72a3946a32518170/suite/synctools/tablegen/AArch64/AArch64SchedA5
5.td  
#9 318.8   inflating: capstone-8455b3c5a53b02e524494c7e72a3946a32518170/suite/synctools/tablegen/AArch64/AArch64SchedA5
7.td  
#9 318.8   inflating: capstone-8455b3c5a53b02e524494c7e72a3946a32518170/suite/synctools/tablegen/AArch64/AArch64SchedA5
7WriteRes.td  
#9 318.8   inflating: capstone-8455b3c5a53b02e524494c7e72a3946a32518170/suite/synctools/tablegen/AArch64/AArch64SchedA6
4FX.td  
#9 318.8   inflating: capstone-8455b3c5a53b02e524494c7e72a3946a32518170/suite/synctools/tablegen/AArch64/AArch64SchedAm
pere1.td  
#9 318.8   inflating: capstone-8455b3c5a53b02e524494c7e72a3946a32518170/suite/synctools/tablegen/AArch64/AArch64SchedCy
clone.td  
#9 318.8   inflating: capstone-8455b3c5a53b02e524494c7e72a3946a32518170/suite/synctools/tablegen/AArch64/AArch64SchedEx
ynosM3.td  
#9 318.8   inflating: capstone-8455b3c5a53b02e524494c7e72a3946a32518170/suite/synctools/tablegen/AArch64/AArch64SchedEx
ynosM4.td  
#9 318.8   inflating: capstone-8455b3c5a53b02e524494c7e72a3946a32518170/suite/synctools/tablegen/AArch64/AArch64SchedEx
ynosM5.td  
#9 318.8   inflating: capstone-8455b3c5a53b02e524494c7e72a3946a32518170/suite/synctools/tablegen/AArch64/AArch64SchedFa
lkor.td  
#9 318.8   inflating: capstone-8455b3c5a53b02e524494c7e72a3946a32518170/suite/synctools/tablegen/AArch64/AArch64SchedFa
lkorDetails.td  
#9 318.8   inflating: capstone-8455b3c5a53b02e524494c7e72a3946a32518170/suite/synctools/tablegen/AArch64/AArch64SchedKr
yo.td  
#9 318.8   inflating: capstone-8455b3c5a53b02e524494c7e72a3946a32518170/suite/synctools/tablegen/AArch64/AArch64SchedKr
yoDetails.td  
#9 318.8   inflating: capstone-8455b3c5a53b02e524494c7e72a3946a32518170/suite/synctools/tablegen/AArch64/AArch64SchedPr
edAmpere.td  
#9 318.8   inflating: capstone-8455b3c5a53b02e524494c7e72a3946a32518170/suite/synctools/tablegen/AArch64/AArch64SchedPr
edExynos.td  
#9 318.8   inflating: capstone-8455b3c5a53b02e524494c7e72a3946a32518170/suite/synctools/tablegen/AArch64/AArch64SchedPr
edicates.td  
#9 318.8   inflating: capstone-8455b3c5a53b02e524494c7e72a3946a32518170/suite/synctools/tablegen/AArch64/AArch64SchedTS
V110.td  
#9 318.8   inflating: capstone-8455b3c5a53b02e524494c7e72a3946a32518170/suite/synctools/tablegen/AArch64/AArch64SchedTh
underX.td  
#9 318.8   inflating: capstone-8455b3c5a53b02e524494c7e72a3946a32518170/suite/synctools/tablegen/AArch64/AArch64SchedTh
underX2T99.td  
#9 318.8   inflating: capstone-8455b3c5a53b02e524494c7e72a3946a32518170/suite/synctools/tablegen/AArch64/AArch64SchedTh
underX3T110.td  
#9 318.8   inflating: capstone-8455b3c5a53b02e524494c7e72a3946a32518170/suite/synctools/tablegen/AArch64/AArch64Schedul
e.td  
#9 318.8   inflating: capstone-8455b3c5a53b02e524494c7e72a3946a32518170/suite/synctools/tablegen/AArch64/AArch64SystemO
perands.td  
#9 318.8   inflating: capstone-8455b3c5a53b02e524494c7e72a3946a32518170/suite/synctools/tablegen/AArch64/SMEInstrFormat
s.td  
#9 318.8   inflating: capstone-8455b3c5a53b02e524494c7e72a3946a32518170/suite/synctools/tablegen/AArch64/SVEInstrFormat
s.td  
#9 318.8    creating: capstone-8455b3c5a53b02e524494c7e72a3946a32518170/suite/synctools/tablegen/ARM/
#9 318.8   inflating: capstone-8455b3c5a53b02e524494c7e72a3946a32518170/suite/synctools/tablegen/ARM/ARM-digit.td  
#9 318.8   inflating: capstone-8455b3c5a53b02e524494c7e72a3946a32518170/suite/synctools/tablegen/ARM/ARM.td  
#9 318.8   inflating: capstone-8455b3c5a53b02e524494c7e72a3946a32518170/suite/synctools/tablegen/ARM/ARMCallingConv.td 
 
#9 318.8   inflating: capstone-8455b3c5a53b02e524494c7e72a3946a32518170/suite/synctools/tablegen/ARM/ARMInstrFormats.td
  
#9 318.8   inflating: capstone-8455b3c5a53b02e524494c7e72a3946a32518170/suite/synctools/tablegen/ARM/ARMInstrInfo.td  
#9 318.8   inflating: capstone-8455b3c5a53b02e524494c7e72a3946a32518170/suite/synctools/tablegen/ARM/ARMInstrNEON.td  
#9 318.8   inflating: capstone-8455b3c5a53b02e524494c7e72a3946a32518170/suite/synctools/tablegen/ARM/ARMInstrThumb.td  
#9 318.8   inflating: capstone-8455b3c5a53b02e524494c7e72a3946a32518170/suite/synctools/tablegen/ARM/ARMInstrThumb2.td 
 
#9 318.8   inflating: capstone-8455b3c5a53b02e524494c7e72a3946a32518170/suite/synctools/tablegen/ARM/ARMInstrVFP.td  
#9 318.8   inflating: capstone-8455b3c5a53b02e524494c7e72a3946a32518170/suite/synctools/tablegen/ARM/ARMRegisterBanks.t
d  
#9 318.8   inflating: capstone-8455b3c5a53b02e524494c7e72a3946a32518170/suite/synctools/tablegen/ARM/ARMRegisterInfo-di
git.td  
#9 318.8   inflating: capstone-8455b3c5a53b02e524494c7e72a3946a32518170/suite/synctools/tablegen/ARM/ARMRegisterInfo.td
  
#9 318.8   inflating: capstone-8455b3c5a53b02e524494c7e72a3946a32518170/suite/synctools/tablegen/ARM/ARMSchedule.td  
#9 318.8   inflating: capstone-8455b3c5a53b02e524494c7e72a3946a32518170/suite/synctools/tablegen/ARM/ARMScheduleA57.td 
 
#9 318.8   inflating: capstone-8455b3c5a53b02e524494c7e72a3946a32518170/suite/synctools/tablegen/ARM/ARMScheduleA57Writ
eRes.td  
#9 318.8   inflating: capstone-8455b3c5a53b02e524494c7e72a3946a32518170/suite/synctools/tablegen/ARM/ARMScheduleA8.td  
#9 318.8   inflating: capstone-8455b3c5a53b02e524494c7e72a3946a32518170/suite/synctools/tablegen/ARM/ARMScheduleA9.td  
#9 318.8   inflating: capstone-8455b3c5a53b02e524494c7e72a3946a32518170/suite/synctools/tablegen/ARM/ARMScheduleM3.td  
#9 318.8   inflating: capstone-8455b3c5a53b02e524494c7e72a3946a32518170/suite/synctools/tablegen/ARM/ARMScheduleR52.td 
 
#9 318.8   inflating: capstone-8455b3c5a53b02e524494c7e72a3946a32518170/suite/synctools/tablegen/ARM/ARMScheduleSwift.t
d  
#9 318.8   inflating: capstone-8455b3c5a53b02e524494c7e72a3946a32518170/suite/synctools/tablegen/ARM/ARMScheduleV6.td  
#9 318.8   inflating: capstone-8455b3c5a53b02e524494c7e72a3946a32518170/suite/synctools/tablegen/ARM/ARMSystemRegister.
td  
#9 318.8    creating: capstone-8455b3c5a53b02e524494c7e72a3946a32518170/suite/synctools/tablegen/PPC/
#9 318.8   inflating: capstone-8455b3c5a53b02e524494c7e72a3946a32518170/suite/synctools/tablegen/PPC/P9InstrResources.t
d  
#9 318.8   inflating: capstone-8455b3c5a53b02e524494c7e72a3946a32518170/suite/synctools/tablegen/PPC/PPC.td  
#9 318.8   inflating: capstone-8455b3c5a53b02e524494c7e72a3946a32518170/suite/synctools/tablegen/PPC/PPCCallingConv.td 
 
#9 318.8   inflating: capstone-8455b3c5a53b02e524494c7e72a3946a32518170/suite/synctools/tablegen/PPC/PPCInstr64Bit.td  
#9 318.8   inflating: capstone-8455b3c5a53b02e524494c7e72a3946a32518170/suite/synctools/tablegen/PPC/PPCInstrAltivec.td
  
#9 318.8   inflating: capstone-8455b3c5a53b02e524494c7e72a3946a32518170/suite/synctools/tablegen/PPC/PPCInstrFormats.td
  
#9 318.8   inflating: capstone-8455b3c5a53b02e524494c7e72a3946a32518170/suite/synctools/tablegen/PPC/PPCInstrHTM.td  
#9 318.8   inflating: capstone-8455b3c5a53b02e524494c7e72a3946a32518170/suite/synctools/tablegen/PPC/PPCInstrInfo.td  
#9 318.8   inflating: capstone-8455b3c5a53b02e524494c7e72a3946a32518170/suite/synctools/tablegen/PPC/PPCInstrPS.td  
#9 318.8   inflating: capstone-8455b3c5a53b02e524494c7e72a3946a32518170/suite/synctools/tablegen/PPC/PPCInstrQPX.td  
#9 318.8   inflating: capstone-8455b3c5a53b02e524494c7e72a3946a32518170/suite/synctools/tablegen/PPC/PPCInstrSPE.td  
#9 318.8   inflating: capstone-8455b3c5a53b02e524494c7e72a3946a32518170/suite/synctools/tablegen/PPC/PPCInstrVSX.td  
#9 318.8   inflating: capstone-8455b3c5a53b02e524494c7e72a3946a32518170/suite/synctools/tablegen/PPC/PPCRegisterInfo.td
  
#9 318.8   inflating: capstone-8455b3c5a53b02e524494c7e72a3946a32518170/suite/synctools/tablegen/PPC/PPCSchedule.td  
#9 318.8   inflating: capstone-8455b3c5a53b02e524494c7e72a3946a32518170/suite/synctools/tablegen/PPC/PPCSchedule440.td 
 
#9 318.8   inflating: capstone-8455b3c5a53b02e524494c7e72a3946a32518170/suite/synctools/tablegen/PPC/PPCScheduleA2.td  
#9 318.8   inflating: capstone-8455b3c5a53b02e524494c7e72a3946a32518170/suite/synctools/tablegen/PPC/PPCScheduleE500.td
  
#9 318.8   inflating: capstone-8455b3c5a53b02e524494c7e72a3946a32518170/suite/synctools/tablegen/PPC/PPCScheduleE500mc.
td  
#9 318.8   inflating: capstone-8455b3c5a53b02e524494c7e72a3946a32518170/suite/synctools/tablegen/PPC/PPCScheduleE5500.t
d  
#9 318.8   inflating: capstone-8455b3c5a53b02e524494c7e72a3946a32518170/suite/synctools/tablegen/PPC/PPCScheduleG3.td  
#9 318.8   inflating: capstone-8455b3c5a53b02e524494c7e72a3946a32518170/suite/synctools/tablegen/PPC/PPCScheduleG4.td  
#9 318.8   inflating: capstone-8455b3c5a53b02e524494c7e72a3946a32518170/suite/synctools/tablegen/PPC/PPCScheduleG4Plus.
td  
#9 318.8   inflating: capstone-8455b3c5a53b02e524494c7e72a3946a32518170/suite/synctools/tablegen/PPC/PPCScheduleG5.td  
#9 318.8   inflating: capstone-8455b3c5a53b02e524494c7e72a3946a32518170/suite/synctools/tablegen/PPC/PPCScheduleP7.td  
#9 318.8   inflating: capstone-8455b3c5a53b02e524494c7e72a3946a32518170/suite/synctools/tablegen/PPC/PPCScheduleP8.td  
#9 318.8   inflating: capstone-8455b3c5a53b02e524494c7e72a3946a32518170/suite/synctools/tablegen/PPC/PPCScheduleP9.td  
#9 318.8    creating: capstone-8455b3c5a53b02e524494c7e72a3946a32518170/suite/synctools/tablegen/X86/
#9 318.8   inflating: capstone-8455b3c5a53b02e524494c7e72a3946a32518170/suite/synctools/tablegen/X86/X86.td  
#9 318.8   inflating: capstone-8455b3c5a53b02e524494c7e72a3946a32518170/suite/synctools/tablegen/X86/X86CallingConv.td 
 
#9 318.8   inflating: capstone-8455b3c5a53b02e524494c7e72a3946a32518170/suite/synctools/tablegen/X86/X86Capstone.td  
#9 318.8   inflating: capstone-8455b3c5a53b02e524494c7e72a3946a32518170/suite/synctools/tablegen/X86/X86Instr3DNow.td  
#9 318.8   inflating: capstone-8455b3c5a53b02e524494c7e72a3946a32518170/suite/synctools/tablegen/X86/X86InstrAVX512.td 
 
#9 318.8   inflating: capstone-8455b3c5a53b02e524494c7e72a3946a32518170/suite/synctools/tablegen/X86/X86InstrArithmetic
.td  
#9 318.8   inflating: capstone-8455b3c5a53b02e524494c7e72a3946a32518170/suite/synctools/tablegen/X86/X86InstrCMovSetCC.
td  
#9 318.8   inflating: capstone-8455b3c5a53b02e524494c7e72a3946a32518170/suite/synctools/tablegen/X86/X86InstrCompiler.t
d  
#9 318.8   inflating: capstone-8455b3c5a53b02e524494c7e72a3946a32518170/suite/synctools/tablegen/X86/X86InstrControl.td
  
#9 318.8   inflating: capstone-8455b3c5a53b02e524494c7e72a3946a32518170/suite/synctools/tablegen/X86/X86InstrExtension.
td  
#9 318.8   inflating: capstone-8455b3c5a53b02e524494c7e72a3946a32518170/suite/synctools/tablegen/X86/X86InstrFMA.td  
#9 318.8   inflating: capstone-8455b3c5a53b02e524494c7e72a3946a32518170/suite/synctools/tablegen/X86/X86InstrFPStack.td
  
#9 318.8   inflating: capstone-8455b3c5a53b02e524494c7e72a3946a32518170/suite/synctools/tablegen/X86/X86InstrFormats.td
  
#9 318.8   inflating: capstone-8455b3c5a53b02e524494c7e72a3946a32518170/suite/synctools/tablegen/X86/X86InstrFragmentsS
IMD.td  
#9 318.8   inflating: capstone-8455b3c5a53b02e524494c7e72a3946a32518170/suite/synctools/tablegen/X86/X86InstrInfo.td  
#9 318.8   inflating: capstone-8455b3c5a53b02e524494c7e72a3946a32518170/suite/synctools/tablegen/X86/X86InstrInfo_reduc
e.td  
#9 318.8   inflating: capstone-8455b3c5a53b02e524494c7e72a3946a32518170/suite/synctools/tablegen/X86/X86InstrMMX.td  
#9 318.8   inflating: capstone-8455b3c5a53b02e524494c7e72a3946a32518170/suite/synctools/tablegen/X86/X86InstrMPX.td  
#9 318.8   inflating: capstone-8455b3c5a53b02e524494c7e72a3946a32518170/suite/synctools/tablegen/X86/X86InstrSGX.td  
#9 318.8   inflating: capstone-8455b3c5a53b02e524494c7e72a3946a32518170/suite/synctools/tablegen/X86/X86InstrSSE.td  
#9 318.8   inflating: capstone-8455b3c5a53b02e524494c7e72a3946a32518170/suite/synctools/tablegen/X86/X86InstrSVM.td  
#9 318.8   inflating: capstone-8455b3c5a53b02e524494c7e72a3946a32518170/suite/synctools/tablegen/X86/X86InstrShiftRotat
e.td  
#9 318.8   inflating: capstone-8455b3c5a53b02e524494c7e72a3946a32518170/suite/synctools/tablegen/X86/X86InstrSystem.td 
 
#9 318.8   inflating: capstone-8455b3c5a53b02e524494c7e72a3946a32518170/suite/synctools/tablegen/X86/X86InstrTSX.td  
#9 318.8   inflating: capstone-8455b3c5a53b02e524494c7e72a3946a32518170/suite/synctools/tablegen/X86/X86InstrVMX.td  
#9 318.8   inflating: capstone-8455b3c5a53b02e524494c7e72a3946a32518170/suite/synctools/tablegen/X86/X86InstrVecCompile
r.td  
#9 318.8   inflating: capstone-8455b3c5a53b02e524494c7e72a3946a32518170/suite/synctools/tablegen/X86/X86InstrXOP.td  
#9 318.8   inflating: capstone-8455b3c5a53b02e524494c7e72a3946a32518170/suite/synctools/tablegen/X86/X86PfmCounters.td 
 
#9 318.8   inflating: capstone-8455b3c5a53b02e524494c7e72a3946a32518170/suite/synctools/tablegen/X86/X86RegisterBanks.t
d  
#9 318.8   inflating: capstone-8455b3c5a53b02e524494c7e72a3946a32518170/suite/synctools/tablegen/X86/X86RegisterInfo.td
  
#9 318.8   inflating: capstone-8455b3c5a53b02e524494c7e72a3946a32518170/suite/synctools/tablegen/X86/X86SchedBroadwell.
td  
#9 318.8   inflating: capstone-8455b3c5a53b02e524494c7e72a3946a32518170/suite/synctools/tablegen/X86/X86SchedHaswell.td
  
#9 318.8   inflating: capstone-8455b3c5a53b02e524494c7e72a3946a32518170/suite/synctools/tablegen/X86/X86SchedPredicates
.td  
#9 318.8   inflating: capstone-8455b3c5a53b02e524494c7e72a3946a32518170/suite/synctools/tablegen/X86/X86SchedSandyBridg
e.td  
#9 318.8   inflating: capstone-8455b3c5a53b02e524494c7e72a3946a32518170/suite/synctools/tablegen/X86/X86SchedSkylakeCli
ent.td  
#9 318.8   inflating: capstone-8455b3c5a53b02e524494c7e72a3946a32518170/suite/synctools/tablegen/X86/X86SchedSkylakeSer
ver.td  
#9 318.8   inflating: capstone-8455b3c5a53b02e524494c7e72a3946a32518170/suite/synctools/tablegen/X86/X86Schedule.td  
#9 318.8   inflating: capstone-8455b3c5a53b02e524494c7e72a3946a32518170/suite/synctools/tablegen/X86/X86ScheduleAtom.td
  
#9 318.8   inflating: capstone-8455b3c5a53b02e524494c7e72a3946a32518170/suite/synctools/tablegen/X86/X86ScheduleBtVer2.
td  
#9 318.8   inflating: capstone-8455b3c5a53b02e524494c7e72a3946a32518170/suite/synctools/tablegen/X86/X86ScheduleSLM.td 
 
#9 318.9   inflating: capstone-8455b3c5a53b02e524494c7e72a3946a32518170/suite/synctools/tablegen/X86/X86ScheduleZnver1.
td  
#9 318.9   inflating: capstone-8455b3c5a53b02e524494c7e72a3946a32518170/suite/synctools/tablegen/X86/X86_reduce.td  
#9 318.9    creating: capstone-8455b3c5a53b02e524494c7e72a3946a32518170/suite/synctools/tablegen/X86/back/
#9 318.9   inflating: capstone-8455b3c5a53b02e524494c7e72a3946a32518170/suite/synctools/tablegen/X86/back/X86.td  
#9 318.9   inflating: capstone-8455b3c5a53b02e524494c7e72a3946a32518170/suite/synctools/tablegen/X86/back/X86CallingCon
v.td  
#9 318.9   inflating: capstone-8455b3c5a53b02e524494c7e72a3946a32518170/suite/synctools/tablegen/X86/back/X86Capstone.t
d  
#9 318.9   inflating: capstone-8455b3c5a53b02e524494c7e72a3946a32518170/suite/synctools/tablegen/X86/back/X86CapstoneFu
ll.td  
#9 318.9   inflating: capstone-8455b3c5a53b02e524494c7e72a3946a32518170/suite/synctools/tablegen/X86/back/X86CapstoneRe
duce.td  
#9 318.9   inflating: capstone-8455b3c5a53b02e524494c7e72a3946a32518170/suite/synctools/tablegen/X86/back/X86Instr3DNow
.td  
#9 318.9   inflating: capstone-8455b3c5a53b02e524494c7e72a3946a32518170/suite/synctools/tablegen/X86/back/X86InstrAVX51
2.td  
#9 318.9   inflating: capstone-8455b3c5a53b02e524494c7e72a3946a32518170/suite/synctools/tablegen/X86/back/X86InstrArith
metic.td  
#9 318.9   inflating: capstone-8455b3c5a53b02e524494c7e72a3946a32518170/suite/synctools/tablegen/X86/back/X86InstrCMovS
etCC.td  
#9 318.9   inflating: capstone-8455b3c5a53b02e524494c7e72a3946a32518170/suite/synctools/tablegen/X86/back/X86InstrCompi
ler.td  
#9 318.9   inflating: capstone-8455b3c5a53b02e524494c7e72a3946a32518170/suite/synctools/tablegen/X86/back/X86InstrContr
ol.td  
#9 318.9   inflating: capstone-8455b3c5a53b02e524494c7e72a3946a32518170/suite/synctools/tablegen/X86/back/X86InstrExten
sion.td  
#9 318.9   inflating: capstone-8455b3c5a53b02e524494c7e72a3946a32518170/suite/synctools/tablegen/X86/back/X86InstrFMA.t
d  
#9 318.9   inflating: capstone-8455b3c5a53b02e524494c7e72a3946a32518170/suite/synctools/tablegen/X86/back/X86InstrFPSta
ck.td  
#9 318.9   inflating: capstone-8455b3c5a53b02e524494c7e72a3946a32518170/suite/synctools/tablegen/X86/back/X86InstrForma
ts.td  
#9 318.9   inflating: capstone-8455b3c5a53b02e524494c7e72a3946a32518170/suite/synctools/tablegen/X86/back/X86InstrFragm
entsSIMD.td  
#9 318.9   inflating: capstone-8455b3c5a53b02e524494c7e72a3946a32518170/suite/synctools/tablegen/X86/back/X86InstrInfo.
td  
#9 318.9   inflating: capstone-8455b3c5a53b02e524494c7e72a3946a32518170/suite/synctools/tablegen/X86/back/X86InstrInfo_
reduce.td  
#9 318.9   inflating: capstone-8455b3c5a53b02e524494c7e72a3946a32518170/suite/synctools/tablegen/X86/back/X86InstrMMX.t
d  
#9 318.9   inflating: capstone-8455b3c5a53b02e524494c7e72a3946a32518170/suite/synctools/tablegen/X86/back/X86InstrMPX.t
d  
#9 318.9   inflating: capstone-8455b3c5a53b02e524494c7e72a3946a32518170/suite/synctools/tablegen/X86/back/X86InstrSGX.t
d  
#9 318.9   inflating: capstone-8455b3c5a53b02e524494c7e72a3946a32518170/suite/synctools/tablegen/X86/back/X86InstrSSE.t
d  
#9 318.9   inflating: capstone-8455b3c5a53b02e524494c7e72a3946a32518170/suite/synctools/tablegen/X86/back/X86InstrSVM.t
d  
#9 318.9   inflating: capstone-8455b3c5a53b02e524494c7e72a3946a32518170/suite/synctools/tablegen/X86/back/X86InstrShift
Rotate.td  
#9 318.9   inflating: capstone-8455b3c5a53b02e524494c7e72a3946a32518170/suite/synctools/tablegen/X86/back/X86InstrSyste
m.td  
#9 318.9   inflating: capstone-8455b3c5a53b02e524494c7e72a3946a32518170/suite/synctools/tablegen/X86/back/X86InstrTSX.t
d  
#9 318.9   inflating: capstone-8455b3c5a53b02e524494c7e72a3946a32518170/suite/synctools/tablegen/X86/back/X86InstrVMX.t
d  
#9 318.9   inflating: capstone-8455b3c5a53b02e524494c7e72a3946a32518170/suite/synctools/tablegen/X86/back/X86InstrVecCo
mpiler.td  
#9 318.9   inflating: capstone-8455b3c5a53b02e524494c7e72a3946a32518170/suite/synctools/tablegen/X86/back/X86InstrXOP.t
d  
#9 318.9   inflating: capstone-8455b3c5a53b02e524494c7e72a3946a32518170/suite/synctools/tablegen/X86/back/X86PfmCounter
s.td  
#9 318.9   inflating: capstone-8455b3c5a53b02e524494c7e72a3946a32518170/suite/synctools/tablegen/X86/back/X86RegisterBa
nks.td  
#9 318.9   inflating: capstone-8455b3c5a53b02e524494c7e72a3946a32518170/suite/synctools/tablegen/X86/back/X86RegisterIn
fo.td  
#9 318.9   inflating: capstone-8455b3c5a53b02e524494c7e72a3946a32518170/suite/synctools/tablegen/X86/back/X86SchedBroad
well.td  
#9 318.9   inflating: capstone-8455b3c5a53b02e524494c7e72a3946a32518170/suite/synctools/tablegen/X86/back/X86SchedHaswe
ll.td  
#9 318.9   inflating: capstone-8455b3c5a53b02e524494c7e72a3946a32518170/suite/synctools/tablegen/X86/back/X86SchedPredi
cates.td  
#9 318.9   inflating: capstone-8455b3c5a53b02e524494c7e72a3946a32518170/suite/synctools/tablegen/X86/back/X86SchedSandy
Bridge.td  
#9 318.9   inflating: capstone-8455b3c5a53b02e524494c7e72a3946a32518170/suite/synctools/tablegen/X86/back/X86SchedSkyla
keClient.td  
#9 318.9   inflating: capstone-8455b3c5a53b02e524494c7e72a3946a32518170/suite/synctools/tablegen/X86/back/X86SchedSkyla
keServer.td  
#9 318.9   inflating: capstone-8455b3c5a53b02e524494c7e72a3946a32518170/suite/synctools/tablegen/X86/back/X86Schedule.t
d  
#9 318.9   inflating: capstone-8455b3c5a53b02e524494c7e72a3946a32518170/suite/synctools/tablegen/X86/back/X86ScheduleAt
om.td  
#9 318.9   inflating: capstone-8455b3c5a53b02e524494c7e72a3946a32518170/suite/synctools/tablegen/X86/back/X86ScheduleBt
Ver2.td  
#9 318.9   inflating: capstone-8455b3c5a53b02e524494c7e72a3946a32518170/suite/synctools/tablegen/X86/back/X86ScheduleSL
M.td  
#9 318.9   inflating: capstone-8455b3c5a53b02e524494c7e72a3946a32518170/suite/synctools/tablegen/X86/back/X86ScheduleZn
ver1.td  
#9 318.9   inflating: capstone-8455b3c5a53b02e524494c7e72a3946a32518170/suite/synctools/tablegen/X86/back/X86_reduce.td
  
#9 318.9   inflating: capstone-8455b3c5a53b02e524494c7e72a3946a32518170/suite/synctools/tablegen/gen-tablegen-arch.sh  
#9 318.9   inflating: capstone-8455b3c5a53b02e524494c7e72a3946a32518170/suite/synctools/tablegen/gen-tablegen-full.sh  
#9 318.9   inflating: capstone-8455b3c5a53b02e524494c7e72a3946a32518170/suite/synctools/tablegen/gen-tablegen-reduce.sh
  
#9 318.9   inflating: capstone-8455b3c5a53b02e524494c7e72a3946a32518170/suite/synctools/tablegen/gen-tablegen.sh  
#9 318.9    creating: capstone-8455b3c5a53b02e524494c7e72a3946a32518170/suite/synctools/tablegen/include/
#9 318.9    creating: capstone-8455b3c5a53b02e524494c7e72a3946a32518170/suite/synctools/tablegen/include/llvm/
#9 318.9    creating: capstone-8455b3c5a53b02e524494c7e72a3946a32518170/suite/synctools/tablegen/include/llvm/CodeGen/
#9 318.9   inflating: capstone-8455b3c5a53b02e524494c7e72a3946a32518170/suite/synctools/tablegen/include/llvm/CodeGen/A
ccelTable.h  
#9 318.9   inflating: capstone-8455b3c5a53b02e524494c7e72a3946a32518170/suite/synctools/tablegen/include/llvm/CodeGen/A
nalysis.h  
#9 318.9   inflating: capstone-8455b3c5a53b02e524494c7e72a3946a32518170/suite/synctools/tablegen/include/llvm/CodeGen/A
ntiDepBreaker.h  
#9 318.9   inflating: capstone-8455b3c5a53b02e524494c7e72a3946a32518170/suite/synctools/tablegen/include/llvm/CodeGen/A
smPrinter.h  
#9 318.9   inflating: capstone-8455b3c5a53b02e524494c7e72a3946a32518170/suite/synctools/tablegen/include/llvm/CodeGen/A
smPrinterHandler.h  
#9 318.9   inflating: capstone-8455b3c5a53b02e524494c7e72a3946a32518170/suite/synctools/tablegen/include/llvm/CodeGen/A
tomicExpandUtils.h  
#9 318.9   inflating: capstone-8455b3c5a53b02e524494c7e72a3946a32518170/suite/synctools/tablegen/include/llvm/CodeGen/B
asicBlockSectionUtils.h  
#9 318.9   inflating: capstone-8455b3c5a53b02e524494c7e72a3946a32518170/suite/synctools/tablegen/include/llvm/CodeGen/B
asicTTIImpl.h  
#9 318.9   inflating: capstone-8455b3c5a53b02e524494c7e72a3946a32518170/suite/synctools/tablegen/include/llvm/CodeGen/C
SEConfigBase.h  
#9 318.9   inflating: capstone-8455b3c5a53b02e524494c7e72a3946a32518170/suite/synctools/tablegen/include/llvm/CodeGen/C
alcSpillWeights.h  
#9 318.9   inflating: capstone-8455b3c5a53b02e524494c7e72a3946a32518170/suite/synctools/tablegen/include/llvm/CodeGen/C
allingConvLower.h  
#9 318.9   inflating: capstone-8455b3c5a53b02e524494c7e72a3946a32518170/suite/synctools/tablegen/include/llvm/CodeGen/C
odeGenCommonISel.h  
#9 318.9   inflating: capstone-8455b3c5a53b02e524494c7e72a3946a32518170/suite/synctools/tablegen/include/llvm/CodeGen/C
odeGenPassBuilder.h  
#9 318.9   inflating: capstone-8455b3c5a53b02e524494c7e72a3946a32518170/suite/synctools/tablegen/include/llvm/CodeGen/C
ommandFlags.h  
#9 318.9   inflating: capstone-8455b3c5a53b02e524494c7e72a3946a32518170/suite/synctools/tablegen/include/llvm/CodeGen/C
ostTable.h  
#9 318.9   inflating: capstone-8455b3c5a53b02e524494c7e72a3946a32518170/suite/synctools/tablegen/include/llvm/CodeGen/D
AGCombine.h  
#9 318.9   inflating: capstone-8455b3c5a53b02e524494c7e72a3946a32518170/suite/synctools/tablegen/include/llvm/CodeGen/D
FAPacketizer.h  
#9 318.9   inflating: capstone-8455b3c5a53b02e524494c7e72a3946a32518170/suite/synctools/tablegen/include/llvm/CodeGen/D
IE.h  
#9 318.9   inflating: capstone-8455b3c5a53b02e524494c7e72a3946a32518170/suite/synctools/tablegen/include/llvm/CodeGen/D
IEValue.def  
#9 318.9   inflating: capstone-8455b3c5a53b02e524494c7e72a3946a32518170/suite/synctools/tablegen/include/llvm/CodeGen/D
bgEntityHistoryCalculator.h  
#9 318.9   inflating: capstone-8455b3c5a53b02e524494c7e72a3946a32518170/suite/synctools/tablegen/include/llvm/CodeGen/D
ebugHandlerBase.h  
#9 318.9   inflating: capstone-8455b3c5a53b02e524494c7e72a3946a32518170/suite/synctools/tablegen/include/llvm/CodeGen/D
warfStringPoolEntry.h  
#9 318.9   inflating: capstone-8455b3c5a53b02e524494c7e72a3946a32518170/suite/synctools/tablegen/include/llvm/CodeGen/E
dgeBundles.h  
#9 318.9   inflating: capstone-8455b3c5a53b02e524494c7e72a3946a32518170/suite/synctools/tablegen/include/llvm/CodeGen/E
xecutionDomainFix.h  
#9 318.9   inflating: capstone-8455b3c5a53b02e524494c7e72a3946a32518170/suite/synctools/tablegen/include/llvm/CodeGen/E
xpandReductions.h  
#9 318.9   inflating: capstone-8455b3c5a53b02e524494c7e72a3946a32518170/suite/synctools/tablegen/include/llvm/CodeGen/E
xpandVectorPredication.h  
#9 318.9   inflating: capstone-8455b3c5a53b02e524494c7e72a3946a32518170/suite/synctools/tablegen/include/llvm/CodeGen/F
astISel.h  
#9 318.9   inflating: capstone-8455b3c5a53b02e524494c7e72a3946a32518170/suite/synctools/tablegen/include/llvm/CodeGen/F
aultMaps.h  
#9 318.9   inflating: capstone-8455b3c5a53b02e524494c7e72a3946a32518170/suite/synctools/tablegen/include/llvm/CodeGen/F
unctionLoweringInfo.h  
#9 318.9   inflating: capstone-8455b3c5a53b02e524494c7e72a3946a32518170/suite/synctools/tablegen/include/llvm/CodeGen/G
CMetadata.h  
#9 318.9   inflating: capstone-8455b3c5a53b02e524494c7e72a3946a32518170/suite/synctools/tablegen/include/llvm/CodeGen/G
CMetadataPrinter.h  
#9 318.9    creating: capstone-8455b3c5a53b02e524494c7e72a3946a32518170/suite/synctools/tablegen/include/llvm/CodeGen/G
lobalISel/
#9 318.9   inflating: capstone-8455b3c5a53b02e524494c7e72a3946a32518170/suite/synctools/tablegen/include/llvm/CodeGen/G
lobalISel/CSEInfo.h  
#9 318.9   inflating: capstone-8455b3c5a53b02e524494c7e72a3946a32518170/suite/synctools/tablegen/include/llvm/CodeGen/G
lobalISel/CSEMIRBuilder.h  
#9 318.9   inflating: capstone-8455b3c5a53b02e524494c7e72a3946a32518170/suite/synctools/tablegen/include/llvm/CodeGen/G
lobalISel/CallLowering.h  
#9 318.9   inflating: capstone-8455b3c5a53b02e524494c7e72a3946a32518170/suite/synctools/tablegen/include/llvm/CodeGen/G
lobalISel/Combiner.h  
#9 318.9   inflating: capstone-8455b3c5a53b02e524494c7e72a3946a32518170/suite/synctools/tablegen/include/llvm/CodeGen/G
lobalISel/CombinerHelper.h  
#9 318.9   inflating: capstone-8455b3c5a53b02e524494c7e72a3946a32518170/suite/synctools/tablegen/include/llvm/CodeGen/G
lobalISel/CombinerInfo.h  
#9 318.9   inflating: capstone-8455b3c5a53b02e524494c7e72a3946a32518170/suite/synctools/tablegen/include/llvm/CodeGen/G
lobalISel/GISelChangeObserver.h  
#9 318.9   inflating: capstone-8455b3c5a53b02e524494c7e72a3946a32518170/suite/synctools/tablegen/include/llvm/CodeGen/G
lobalISel/GISelKnownBits.h  
#9 318.9   inflating: capstone-8455b3c5a53b02e524494c7e72a3946a32518170/suite/synctools/tablegen/include/llvm/CodeGen/G
lobalISel/GISelWorkList.h  
#9 318.9   inflating: capstone-8455b3c5a53b02e524494c7e72a3946a32518170/suite/synctools/tablegen/include/llvm/CodeGen/G
lobalISel/GenericMachineInstrs.h  
#9 318.9   inflating: capstone-8455b3c5a53b02e524494c7e72a3946a32518170/suite/synctools/tablegen/include/llvm/CodeGen/G
lobalISel/IRTranslator.h  
#9 318.9   inflating: capstone-8455b3c5a53b02e524494c7e72a3946a32518170/suite/synctools/tablegen/include/llvm/CodeGen/G
lobalISel/InlineAsmLowering.h  
#9 318.9   inflating: capstone-8455b3c5a53b02e524494c7e72a3946a32518170/suite/synctools/tablegen/include/llvm/CodeGen/G
lobalISel/InstructionSelect.h  
#9 318.9   inflating: capstone-8455b3c5a53b02e524494c7e72a3946a32518170/suite/synctools/tablegen/include/llvm/CodeGen/G
lobalISel/InstructionSelector.h  
#9 318.9   inflating: capstone-8455b3c5a53b02e524494c7e72a3946a32518170/suite/synctools/tablegen/include/llvm/CodeGen/G
lobalISel/InstructionSelectorImpl.h  
#9 318.9   inflating: capstone-8455b3c5a53b02e524494c7e72a3946a32518170/suite/synctools/tablegen/include/llvm/CodeGen/G
lobalISel/LegacyLegalizerInfo.h  
#9 318.9   inflating: capstone-8455b3c5a53b02e524494c7e72a3946a32518170/suite/synctools/tablegen/include/llvm/CodeGen/G
lobalISel/LegalizationArtifactCombiner.h  
#9 318.9   inflating: capstone-8455b3c5a53b02e524494c7e72a3946a32518170/suite/synctools/tablegen/include/llvm/CodeGen/G
lobalISel/Legalizer.h  
#9 318.9   inflating: capstone-8455b3c5a53b02e524494c7e72a3946a32518170/suite/synctools/tablegen/include/llvm/CodeGen/G
lobalISel/LegalizerHelper.h  
#9 318.9   inflating: capstone-8455b3c5a53b02e524494c7e72a3946a32518170/suite/synctools/tablegen/include/llvm/CodeGen/G
lobalISel/LegalizerInfo.h  
#9 318.9   inflating: capstone-8455b3c5a53b02e524494c7e72a3946a32518170/suite/synctools/tablegen/include/llvm/CodeGen/G
lobalISel/LoadStoreOpt.h  
#9 318.9   inflating: capstone-8455b3c5a53b02e524494c7e72a3946a32518170/suite/synctools/tablegen/include/llvm/CodeGen/G
lobalISel/Localizer.h  
#9 318.9   inflating: capstone-8455b3c5a53b02e524494c7e72a3946a32518170/suite/synctools/tablegen/include/llvm/CodeGen/G
lobalISel/LostDebugLocObserver.h  
#9 318.9   inflating: capstone-8455b3c5a53b02e524494c7e72a3946a32518170/suite/synctools/tablegen/include/llvm/CodeGen/G
lobalISel/MIPatternMatch.h  
#9 318.9   inflating: capstone-8455b3c5a53b02e524494c7e72a3946a32518170/suite/synctools/tablegen/include/llvm/CodeGen/G
lobalISel/MachineIRBuilder.h  
#9 318.9   inflating: capstone-8455b3c5a53b02e524494c7e72a3946a32518170/suite/synctools/tablegen/include/llvm/CodeGen/G
lobalISel/RegBankSelect.h  
#9 318.9   inflating: capstone-8455b3c5a53b02e524494c7e72a3946a32518170/suite/synctools/tablegen/include/llvm/CodeGen/G
lobalISel/RegisterBank.h  
#9 318.9   inflating: capstone-8455b3c5a53b02e524494c7e72a3946a32518170/suite/synctools/tablegen/include/llvm/CodeGen/G
lobalISel/RegisterBankInfo.h  
#9 318.9   inflating: capstone-8455b3c5a53b02e524494c7e72a3946a32518170/suite/synctools/tablegen/include/llvm/CodeGen/G
lobalISel/Utils.h  
#9 318.9   inflating: capstone-8455b3c5a53b02e524494c7e72a3946a32518170/suite/synctools/tablegen/include/llvm/CodeGen/I
SDOpcodes.h  
#9 318.9   inflating: capstone-8455b3c5a53b02e524494c7e72a3946a32518170/suite/synctools/tablegen/include/llvm/CodeGen/I
ndirectThunks.h  
#9 318.9   inflating: capstone-8455b3c5a53b02e524494c7e72a3946a32518170/suite/synctools/tablegen/include/llvm/CodeGen/I
ntrinsicLowering.h  
#9 318.9   inflating: capstone-8455b3c5a53b02e524494c7e72a3946a32518170/suite/synctools/tablegen/include/llvm/CodeGen/L
atencyPriorityQueue.h  
#9 318.9   inflating: capstone-8455b3c5a53b02e524494c7e72a3946a32518170/suite/synctools/tablegen/include/llvm/CodeGen/L
azyMachineBlockFrequencyInfo.h  
#9 318.9   inflating: capstone-8455b3c5a53b02e524494c7e72a3946a32518170/suite/synctools/tablegen/include/llvm/CodeGen/L
exicalScopes.h  
#9 318.9   inflating: capstone-8455b3c5a53b02e524494c7e72a3946a32518170/suite/synctools/tablegen/include/llvm/CodeGen/L
inkAllAsmWriterComponents.h  
#9 318.9   inflating: capstone-8455b3c5a53b02e524494c7e72a3946a32518170/suite/synctools/tablegen/include/llvm/CodeGen/L
inkAllCodegenComponents.h  
#9 318.9   inflating: capstone-8455b3c5a53b02e524494c7e72a3946a32518170/suite/synctools/tablegen/include/llvm/CodeGen/L
iveInterval.h  
#9 318.9   inflating: capstone-8455b3c5a53b02e524494c7e72a3946a32518170/suite/synctools/tablegen/include/llvm/CodeGen/L
iveIntervalCalc.h  
#9 318.9   inflating: capstone-8455b3c5a53b02e524494c7e72a3946a32518170/suite/synctools/tablegen/include/llvm/CodeGen/L
iveIntervalUnion.h  
#9 318.9   inflating: capstone-8455b3c5a53b02e524494c7e72a3946a32518170/suite/synctools/tablegen/include/llvm/CodeGen/L
iveIntervals.h  
#9 318.9   inflating: capstone-8455b3c5a53b02e524494c7e72a3946a32518170/suite/synctools/tablegen/include/llvm/CodeGen/L
ivePhysRegs.h  
#9 318.9   inflating: capstone-8455b3c5a53b02e524494c7e72a3946a32518170/suite/synctools/tablegen/include/llvm/CodeGen/L
iveRangeCalc.h  
#9 318.9   inflating: capstone-8455b3c5a53b02e524494c7e72a3946a32518170/suite/synctools/tablegen/include/llvm/CodeGen/L
iveRangeEdit.h  
#9 318.9   inflating: capstone-8455b3c5a53b02e524494c7e72a3946a32518170/suite/synctools/tablegen/include/llvm/CodeGen/L
iveRegMatrix.h  
#9 318.9   inflating: capstone-8455b3c5a53b02e524494c7e72a3946a32518170/suite/synctools/tablegen/include/llvm/CodeGen/L
iveRegUnits.h  
#9 318.9   inflating: capstone-8455b3c5a53b02e524494c7e72a3946a32518170/suite/synctools/tablegen/include/llvm/CodeGen/L
iveStacks.h  
#9 318.9   inflating: capstone-8455b3c5a53b02e524494c7e72a3946a32518170/suite/synctools/tablegen/include/llvm/CodeGen/L
iveVariables.h  
#9 318.9   inflating: capstone-8455b3c5a53b02e524494c7e72a3946a32518170/suite/synctools/tablegen/include/llvm/CodeGen/L
oopTraversal.h  
#9 318.9   inflating: capstone-8455b3c5a53b02e524494c7e72a3946a32518170/suite/synctools/tablegen/include/llvm/CodeGen/L
owLevelType.h  
#9 318.9   inflating: capstone-8455b3c5a53b02e524494c7e72a3946a32518170/suite/synctools/tablegen/include/llvm/CodeGen/M
BFIWrapper.h  
#9 318.9   inflating: capstone-8455b3c5a53b02e524494c7e72a3946a32518170/suite/synctools/tablegen/include/llvm/CodeGen/M
IRFSDiscriminator.h  
#9 318.9   inflating: capstone-8455b3c5a53b02e524494c7e72a3946a32518170/suite/synctools/tablegen/include/llvm/CodeGen/M
IRFormatter.h  
#9 318.9    creating: capstone-8455b3c5a53b02e524494c7e72a3946a32518170/suite/synctools/tablegen/include/llvm/CodeGen/M
IRParser/
#9 318.9   inflating: capstone-8455b3c5a53b02e524494c7e72a3946a32518170/suite/synctools/tablegen/include/llvm/CodeGen/M
IRParser/MIParser.h  
#9 318.9   inflating: capstone-8455b3c5a53b02e524494c7e72a3946a32518170/suite/synctools/tablegen/include/llvm/CodeGen/M
IRParser/MIRParser.h  
#9 318.9   inflating: capstone-8455b3c5a53b02e524494c7e72a3946a32518170/suite/synctools/tablegen/include/llvm/CodeGen/M
IRPrinter.h  
#9 318.9   inflating: capstone-8455b3c5a53b02e524494c7e72a3946a32518170/suite/synctools/tablegen/include/llvm/CodeGen/M
IRSampleProfile.h  
#9 318.9   inflating: capstone-8455b3c5a53b02e524494c7e72a3946a32518170/suite/synctools/tablegen/include/llvm/CodeGen/M
IRYamlMapping.h  
#9 318.9   inflating: capstone-8455b3c5a53b02e524494c7e72a3946a32518170/suite/synctools/tablegen/include/llvm/CodeGen/M
achORelocation.h  
#9 318.9   inflating: capstone-8455b3c5a53b02e524494c7e72a3946a32518170/suite/synctools/tablegen/include/llvm/CodeGen/M
achineBasicBlock.h  
#9 318.9   inflating: capstone-8455b3c5a53b02e524494c7e72a3946a32518170/suite/synctools/tablegen/include/llvm/CodeGen/M
achineBlockFrequencyInfo.h  
#9 318.9   inflating: capstone-8455b3c5a53b02e524494c7e72a3946a32518170/suite/synctools/tablegen/include/llvm/CodeGen/M
achineBranchProbabilityInfo.h  
#9 318.9   inflating: capstone-8455b3c5a53b02e524494c7e72a3946a32518170/suite/synctools/tablegen/include/llvm/CodeGen/M
achineCombinerPattern.h  
#9 318.9   inflating: capstone-8455b3c5a53b02e524494c7e72a3946a32518170/suite/synctools/tablegen/include/llvm/CodeGen/M
achineConstantPool.h  
#9 318.9   inflating: capstone-8455b3c5a53b02e524494c7e72a3946a32518170/suite/synctools/tablegen/include/llvm/CodeGen/M
achineCycleAnalysis.h  
#9 318.9   inflating: capstone-8455b3c5a53b02e524494c7e72a3946a32518170/suite/synctools/tablegen/include/llvm/CodeGen/M
achineDominanceFrontier.h  
#9 318.9   inflating: capstone-8455b3c5a53b02e524494c7e72a3946a32518170/suite/synctools/tablegen/include/llvm/CodeGen/M
achineDominators.h  
#9 318.9   inflating: capstone-8455b3c5a53b02e524494c7e72a3946a32518170/suite/synctools/tablegen/include/llvm/CodeGen/M
achineFrameInfo.h  
#9 318.9   inflating: capstone-8455b3c5a53b02e524494c7e72a3946a32518170/suite/synctools/tablegen/include/llvm/CodeGen/M
achineFunction.h  
#9 318.9   inflating: capstone-8455b3c5a53b02e524494c7e72a3946a32518170/suite/synctools/tablegen/include/llvm/CodeGen/M
achineFunctionPass.h  
#9 318.9   inflating: capstone-8455b3c5a53b02e524494c7e72a3946a32518170/suite/synctools/tablegen/include/llvm/CodeGen/M
achineInstr.h  
#9 318.9   inflating: capstone-8455b3c5a53b02e524494c7e72a3946a32518170/suite/synctools/tablegen/include/llvm/CodeGen/M
achineInstrBuilder.h  
#9 318.9   inflating: capstone-8455b3c5a53b02e524494c7e72a3946a32518170/suite/synctools/tablegen/include/llvm/CodeGen/M
achineInstrBundle.h  
#9 318.9   inflating: capstone-8455b3c5a53b02e524494c7e72a3946a32518170/suite/synctools/tablegen/include/llvm/CodeGen/M
achineInstrBundleIterator.h  
#9 318.9   inflating: capstone-8455b3c5a53b02e524494c7e72a3946a32518170/suite/synctools/tablegen/include/llvm/CodeGen/M
achineJumpTableInfo.h  
#9 318.9   inflating: capstone-8455b3c5a53b02e524494c7e72a3946a32518170/suite/synctools/tablegen/include/llvm/CodeGen/M
achineLoopInfo.h  
#9 318.9   inflating: capstone-8455b3c5a53b02e524494c7e72a3946a32518170/suite/synctools/tablegen/include/llvm/CodeGen/M
achineLoopUtils.h  
#9 318.9   inflating: capstone-8455b3c5a53b02e524494c7e72a3946a32518170/suite/synctools/tablegen/include/llvm/CodeGen/M
achineMemOperand.h  
#9 318.9   inflating: capstone-8455b3c5a53b02e524494c7e72a3946a32518170/suite/synctools/tablegen/include/llvm/CodeGen/M
achineModuleInfo.h  
#9 318.9   inflating: capstone-8455b3c5a53b02e524494c7e72a3946a32518170/suite/synctools/tablegen/include/llvm/CodeGen/M
achineModuleInfoImpls.h  
#9 318.9   inflating: capstone-8455b3c5a53b02e524494c7e72a3946a32518170/suite/synctools/tablegen/include/llvm/CodeGen/M
achineModuleSlotTracker.h  
#9 318.9   inflating: capstone-8455b3c5a53b02e524494c7e72a3946a32518170/suite/synctools/tablegen/include/llvm/CodeGen/M
achineOperand.h  
#9 318.9   inflating: capstone-8455b3c5a53b02e524494c7e72a3946a32518170/suite/synctools/tablegen/include/llvm/CodeGen/M
achineOptimizationRemarkEmitter.h  
#9 318.9   inflating: capstone-8455b3c5a53b02e524494c7e72a3946a32518170/suite/synctools/tablegen/include/llvm/CodeGen/M
achineOutliner.h  
#9 318.9   inflating: capstone-8455b3c5a53b02e524494c7e72a3946a32518170/suite/synctools/tablegen/include/llvm/CodeGen/M
achinePassManager.h  
#9 318.9   inflating: capstone-8455b3c5a53b02e524494c7e72a3946a32518170/suite/synctools/tablegen/include/llvm/CodeGen/M
achinePassRegistry.def  
#9 318.9   inflating: capstone-8455b3c5a53b02e524494c7e72a3946a32518170/suite/synctools/tablegen/include/llvm/CodeGen/M
achinePassRegistry.h  
#9 318.9   inflating: capstone-8455b3c5a53b02e524494c7e72a3946a32518170/suite/synctools/tablegen/include/llvm/CodeGen/M
achinePipeliner.h  
#9 318.9   inflating: capstone-8455b3c5a53b02e524494c7e72a3946a32518170/suite/synctools/tablegen/include/llvm/CodeGen/M
achinePostDominators.h  
#9 318.9   inflating: capstone-8455b3c5a53b02e524494c7e72a3946a32518170/suite/synctools/tablegen/include/llvm/CodeGen/M
achineRegionInfo.h  
#9 318.9   inflating: capstone-8455b3c5a53b02e524494c7e72a3946a32518170/suite/synctools/tablegen/include/llvm/CodeGen/M
achineRegisterInfo.h  
#9 318.9   inflating: capstone-8455b3c5a53b02e524494c7e72a3946a32518170/suite/synctools/tablegen/include/llvm/CodeGen/M
achineSSAContext.h  
#9 318.9   inflating: capstone-8455b3c5a53b02e524494c7e72a3946a32518170/suite/synctools/tablegen/include/llvm/CodeGen/M
achineSSAUpdater.h  
#9 318.9   inflating: capstone-8455b3c5a53b02e524494c7e72a3946a32518170/suite/synctools/tablegen/include/llvm/CodeGen/M
achineScheduler.h  
#9 318.9   inflating: capstone-8455b3c5a53b02e524494c7e72a3946a32518170/suite/synctools/tablegen/include/llvm/CodeGen/M
achineSizeOpts.h  
#9 318.9   inflating: capstone-8455b3c5a53b02e524494c7e72a3946a32518170/suite/synctools/tablegen/include/llvm/CodeGen/M
achineStableHash.h  
#9 318.9   inflating: capstone-8455b3c5a53b02e524494c7e72a3946a32518170/suite/synctools/tablegen/include/llvm/CodeGen/M
achineTraceMetrics.h  
#9 318.9   inflating: capstone-8455b3c5a53b02e524494c7e72a3946a32518170/suite/synctools/tablegen/include/llvm/CodeGen/M
acroFusion.h  
#9 318.9   inflating: capstone-8455b3c5a53b02e524494c7e72a3946a32518170/suite/synctools/tablegen/include/llvm/CodeGen/M
oduloSchedule.h  
#9 318.9   inflating: capstone-8455b3c5a53b02e524494c7e72a3946a32518170/suite/synctools/tablegen/include/llvm/CodeGen/M
ultiHazardRecognizer.h  
#9 318.9   inflating: capstone-8455b3c5a53b02e524494c7e72a3946a32518170/suite/synctools/tablegen/include/llvm/CodeGen/N
onRelocatableStringpool.h  
#9 318.9    creating: capstone-8455b3c5a53b02e524494c7e72a3946a32518170/suite/synctools/tablegen/include/llvm/CodeGen/P
BQP/
#9 318.9   inflating: capstone-8455b3c5a53b02e524494c7e72a3946a32518170/suite/synctools/tablegen/include/llvm/CodeGen/P
BQP/CostAllocator.h  
#9 318.9   inflating: capstone-8455b3c5a53b02e524494c7e72a3946a32518170/suite/synctools/tablegen/include/llvm/CodeGen/P
BQP/Graph.h  
#9 318.9   inflating: capstone-8455b3c5a53b02e524494c7e72a3946a32518170/suite/synctools/tablegen/include/llvm/CodeGen/P
BQP/Math.h  
#9 318.9   inflating: capstone-8455b3c5a53b02e524494c7e72a3946a32518170/suite/synctools/tablegen/include/llvm/CodeGen/P
BQP/ReductionRules.h  
#9 318.9   inflating: capstone-8455b3c5a53b02e524494c7e72a3946a32518170/suite/synctools/tablegen/include/llvm/CodeGen/P
BQP/Solution.h  
#9 318.9   inflating: capstone-8455b3c5a53b02e524494c7e72a3946a32518170/suite/synctools/tablegen/include/llvm/CodeGen/P
BQPRAConstraint.h  
#9 318.9   inflating: capstone-8455b3c5a53b02e524494c7e72a3946a32518170/suite/synctools/tablegen/include/llvm/CodeGen/P
arallelCG.h  
#9 318.9   inflating: capstone-8455b3c5a53b02e524494c7e72a3946a32518170/suite/synctools/tablegen/include/llvm/CodeGen/P
asses.h  
#9 318.9   inflating: capstone-8455b3c5a53b02e524494c7e72a3946a32518170/suite/synctools/tablegen/include/llvm/CodeGen/P
reISelIntrinsicLowering.h  
#9 318.9   inflating: capstone-8455b3c5a53b02e524494c7e72a3946a32518170/suite/synctools/tablegen/include/llvm/CodeGen/P
seudoSourceValue.h  
#9 318.9   inflating: capstone-8455b3c5a53b02e524494c7e72a3946a32518170/suite/synctools/tablegen/include/llvm/CodeGen/R
DFGraph.h  
#9 318.9   inflating: capstone-8455b3c5a53b02e524494c7e72a3946a32518170/suite/synctools/tablegen/include/llvm/CodeGen/R
DFLiveness.h  
#9 318.9   inflating: capstone-8455b3c5a53b02e524494c7e72a3946a32518170/suite/synctools/tablegen/include/llvm/CodeGen/R
DFRegisters.h  
#9 318.9   inflating: capstone-8455b3c5a53b02e524494c7e72a3946a32518170/suite/synctools/tablegen/include/llvm/CodeGen/R
eachingDefAnalysis.h  
#9 318.9   inflating: capstone-8455b3c5a53b02e524494c7e72a3946a32518170/suite/synctools/tablegen/include/llvm/CodeGen/R
egAllocCommon.h  
#9 318.9   inflating: capstone-8455b3c5a53b02e524494c7e72a3946a32518170/suite/synctools/tablegen/include/llvm/CodeGen/R
egAllocPBQP.h  
#9 318.9   inflating: capstone-8455b3c5a53b02e524494c7e72a3946a32518170/suite/synctools/tablegen/include/llvm/CodeGen/R
egAllocRegistry.h  
#9 318.9   inflating: capstone-8455b3c5a53b02e524494c7e72a3946a32518170/suite/synctools/tablegen/include/llvm/CodeGen/R
egister.h  
#9 318.9   inflating: capstone-8455b3c5a53b02e524494c7e72a3946a32518170/suite/synctools/tablegen/include/llvm/CodeGen/R
egisterClassInfo.h  
#9 318.9   inflating: capstone-8455b3c5a53b02e524494c7e72a3946a32518170/suite/synctools/tablegen/include/llvm/CodeGen/R
egisterPressure.h  
#9 318.9   inflating: capstone-8455b3c5a53b02e524494c7e72a3946a32518170/suite/synctools/tablegen/include/llvm/CodeGen/R
egisterScavenging.h  
#9 318.9   inflating: capstone-8455b3c5a53b02e524494c7e72a3946a32518170/suite/synctools/tablegen/include/llvm/CodeGen/R
egisterUsageInfo.h  
#9 318.9   inflating: capstone-8455b3c5a53b02e524494c7e72a3946a32518170/suite/synctools/tablegen/include/llvm/CodeGen/R
eplaceWithVeclib.h  
#9 318.9   inflating: capstone-8455b3c5a53b02e524494c7e72a3946a32518170/suite/synctools/tablegen/include/llvm/CodeGen/R
esourcePriorityQueue.h  
#9 318.9   inflating: capstone-8455b3c5a53b02e524494c7e72a3946a32518170/suite/synctools/tablegen/include/llvm/CodeGen/R
untimeLibcalls.h  
#9 318.9   inflating: capstone-8455b3c5a53b02e524494c7e72a3946a32518170/suite/synctools/tablegen/include/llvm/CodeGen/S
DNodeProperties.td  
#9 318.9   inflating: capstone-8455b3c5a53b02e524494c7e72a3946a32518170/suite/synctools/tablegen/include/llvm/CodeGen/S
cheduleDAG.h  
#9 318.9   inflating: capstone-8455b3c5a53b02e524494c7e72a3946a32518170/suite/synctools/tablegen/include/llvm/CodeGen/S
cheduleDAGInstrs.h  
#9 318.9   inflating: capstone-8455b3c5a53b02e524494c7e72a3946a32518170/suite/synctools/tablegen/include/llvm/CodeGen/S
cheduleDAGMutation.h  
#9 318.9   inflating: capstone-8455b3c5a53b02e524494c7e72a3946a32518170/suite/synctools/tablegen/include/llvm/CodeGen/S
cheduleDFS.h  
#9 318.9   inflating: capstone-8455b3c5a53b02e524494c7e72a3946a32518170/suite/synctools/tablegen/include/llvm/CodeGen/S
cheduleHazardRecognizer.h  
#9 318.9   inflating: capstone-8455b3c5a53b02e524494c7e72a3946a32518170/suite/synctools/tablegen/include/llvm/CodeGen/S
chedulerRegistry.h  
#9 318.9   inflating: capstone-8455b3c5a53b02e524494c7e72a3946a32518170/suite/synctools/tablegen/include/llvm/CodeGen/S
coreboardHazardRecognizer.h  
#9 318.9   inflating: capstone-8455b3c5a53b02e524494c7e72a3946a32518170/suite/synctools/tablegen/include/llvm/CodeGen/S
electionDAG.h  
#9 318.9   inflating: capstone-8455b3c5a53b02e524494c7e72a3946a32518170/suite/synctools/tablegen/include/llvm/CodeGen/S
electionDAGAddressAnalysis.h  
#9 318.9   inflating: capstone-8455b3c5a53b02e524494c7e72a3946a32518170/suite/synctools/tablegen/include/llvm/CodeGen/S
electionDAGISel.h  
#9 318.9   inflating: capstone-8455b3c5a53b02e524494c7e72a3946a32518170/suite/synctools/tablegen/include/llvm/CodeGen/S
electionDAGNodes.h  
#9 318.9   inflating: capstone-8455b3c5a53b02e524494c7e72a3946a32518170/suite/synctools/tablegen/include/llvm/CodeGen/S
electionDAGTargetInfo.h  
#9 318.9   inflating: capstone-8455b3c5a53b02e524494c7e72a3946a32518170/suite/synctools/tablegen/include/llvm/CodeGen/S
lotIndexes.h  
#9 318.9   inflating: capstone-8455b3c5a53b02e524494c7e72a3946a32518170/suite/synctools/tablegen/include/llvm/CodeGen/S
piller.h  
#9 318.9   inflating: capstone-8455b3c5a53b02e524494c7e72a3946a32518170/suite/synctools/tablegen/include/llvm/CodeGen/S
tableHashing.h  
#9 318.9   inflating: capstone-8455b3c5a53b02e524494c7e72a3946a32518170/suite/synctools/tablegen/include/llvm/CodeGen/S
tackMaps.h  
#9 318.9   inflating: capstone-8455b3c5a53b02e524494c7e72a3946a32518170/suite/synctools/tablegen/include/llvm/CodeGen/S
tackProtector.h  
#9 318.9   inflating: capstone-8455b3c5a53b02e524494c7e72a3946a32518170/suite/synctools/tablegen/include/llvm/CodeGen/S
wiftErrorValueTracking.h  
#9 318.9   inflating: capstone-8455b3c5a53b02e524494c7e72a3946a32518170/suite/synctools/tablegen/include/llvm/CodeGen/S
witchLoweringUtils.h  
#9 318.9   inflating: capstone-8455b3c5a53b02e524494c7e72a3946a32518170/suite/synctools/tablegen/include/llvm/CodeGen/T
ailDuplicator.h  
#9 318.9   inflating: capstone-8455b3c5a53b02e524494c7e72a3946a32518170/suite/synctools/tablegen/include/llvm/CodeGen/T
argetCallingConv.h  
#9 318.9   inflating: capstone-8455b3c5a53b02e524494c7e72a3946a32518170/suite/synctools/tablegen/include/llvm/CodeGen/T
argetFrameLowering.h  
#9 318.9   inflating: capstone-8455b3c5a53b02e524494c7e72a3946a32518170/suite/synctools/tablegen/include/llvm/CodeGen/T
argetInstrInfo.h  
#9 318.9   inflating: capstone-8455b3c5a53b02e524494c7e72a3946a32518170/suite/synctools/tablegen/include/llvm/CodeGen/T
argetLowering.h  
#9 318.9   inflating: capstone-8455b3c5a53b02e524494c7e72a3946a32518170/suite/synctools/tablegen/include/llvm/CodeGen/T
argetLoweringObjectFileImpl.h  
#9 318.9   inflating: capstone-8455b3c5a53b02e524494c7e72a3946a32518170/suite/synctools/tablegen/include/llvm/CodeGen/T
argetOpcodes.h  
#9 318.9   inflating: capstone-8455b3c5a53b02e524494c7e72a3946a32518170/suite/synctools/tablegen/include/llvm/CodeGen/T
argetPassConfig.h  
#9 318.9   inflating: capstone-8455b3c5a53b02e524494c7e72a3946a32518170/suite/synctools/tablegen/include/llvm/CodeGen/T
argetRegisterInfo.h  
#9 318.9   inflating: capstone-8455b3c5a53b02e524494c7e72a3946a32518170/suite/synctools/tablegen/include/llvm/CodeGen/T
argetSchedule.h  
#9 318.9   inflating: capstone-8455b3c5a53b02e524494c7e72a3946a32518170/suite/synctools/tablegen/include/llvm/CodeGen/T
argetSubtargetInfo.h  
#9 318.9   inflating: capstone-8455b3c5a53b02e524494c7e72a3946a32518170/suite/synctools/tablegen/include/llvm/CodeGen/T
ileShapeInfo.h  
#9 318.9   inflating: capstone-8455b3c5a53b02e524494c7e72a3946a32518170/suite/synctools/tablegen/include/llvm/CodeGen/U
nreachableBlockElim.h  
#9 318.9   inflating: capstone-8455b3c5a53b02e524494c7e72a3946a32518170/suite/synctools/tablegen/include/llvm/CodeGen/V
LIWMachineScheduler.h  
#9 318.9   inflating: capstone-8455b3c5a53b02e524494c7e72a3946a32518170/suite/synctools/tablegen/include/llvm/CodeGen/V
alueTypes.h  
#9 318.9   inflating: capstone-8455b3c5a53b02e524494c7e72a3946a32518170/suite/synctools/tablegen/include/llvm/CodeGen/V
alueTypes.td  
#9 318.9   inflating: capstone-8455b3c5a53b02e524494c7e72a3946a32518170/suite/synctools/tablegen/include/llvm/CodeGen/V
irtRegMap.h  
#9 318.9   inflating: capstone-8455b3c5a53b02e524494c7e72a3946a32518170/suite/synctools/tablegen/include/llvm/CodeGen/W
asmEHFuncInfo.h  
#9 318.9   inflating: capstone-8455b3c5a53b02e524494c7e72a3946a32518170/suite/synctools/tablegen/include/llvm/CodeGen/W
inEHFuncInfo.h  
#9 318.9    creating: capstone-8455b3c5a53b02e524494c7e72a3946a32518170/suite/synctools/tablegen/include/llvm/Frontend/
#9 318.9    creating: capstone-8455b3c5a53b02e524494c7e72a3946a32518170/suite/synctools/tablegen/include/llvm/Frontend/
Directive/
#9 318.9   inflating: capstone-8455b3c5a53b02e524494c7e72a3946a32518170/suite/synctools/tablegen/include/llvm/Frontend/
Directive/DirectiveBase.td  
#9 318.9    creating: capstone-8455b3c5a53b02e524494c7e72a3946a32518170/suite/synctools/tablegen/include/llvm/Frontend/
OpenACC/
#9 318.9   inflating: capstone-8455b3c5a53b02e524494c7e72a3946a32518170/suite/synctools/tablegen/include/llvm/Frontend/
OpenACC/ACC.td  
#9 318.9    creating: capstone-8455b3c5a53b02e524494c7e72a3946a32518170/suite/synctools/tablegen/include/llvm/Frontend/
OpenMP/
#9 318.9   inflating: capstone-8455b3c5a53b02e524494c7e72a3946a32518170/suite/synctools/tablegen/include/llvm/Frontend/
OpenMP/OMP.td  
#9 318.9   inflating: capstone-8455b3c5a53b02e524494c7e72a3946a32518170/suite/synctools/tablegen/include/llvm/Frontend/
OpenMP/OMPAssume.h  
#9 318.9   inflating: capstone-8455b3c5a53b02e524494c7e72a3946a32518170/suite/synctools/tablegen/include/llvm/Frontend/
OpenMP/OMPConstants.h  
#9 318.9   inflating: capstone-8455b3c5a53b02e524494c7e72a3946a32518170/suite/synctools/tablegen/include/llvm/Frontend/
OpenMP/OMPContext.h  
#9 318.9   inflating: capstone-8455b3c5a53b02e524494c7e72a3946a32518170/suite/synctools/tablegen/include/llvm/Frontend/
OpenMP/OMPGridValues.h  
#9 318.9   inflating: capstone-8455b3c5a53b02e524494c7e72a3946a32518170/suite/synctools/tablegen/include/llvm/Frontend/
OpenMP/OMPIRBuilder.h  
#9 318.9   inflating: capstone-8455b3c5a53b02e524494c7e72a3946a32518170/suite/synctools/tablegen/include/llvm/Frontend/
OpenMP/OMPKinds.def  
#9 318.9    creating: capstone-8455b3c5a53b02e524494c7e72a3946a32518170/suite/synctools/tablegen/include/llvm/IR/
#9 318.9   inflating: capstone-8455b3c5a53b02e524494c7e72a3946a32518170/suite/synctools/tablegen/include/llvm/IR/Abstra
ctCallSite.h  
#9 318.9   inflating: capstone-8455b3c5a53b02e524494c7e72a3946a32518170/suite/synctools/tablegen/include/llvm/IR/Argume
nt.h  
#9 318.9   inflating: capstone-8455b3c5a53b02e524494c7e72a3946a32518170/suite/synctools/tablegen/include/llvm/IR/Assemb
lyAnnotationWriter.h  
#9 318.9   inflating: capstone-8455b3c5a53b02e524494c7e72a3946a32518170/suite/synctools/tablegen/include/llvm/IR/Assump
tions.h  
#9 318.9   inflating: capstone-8455b3c5a53b02e524494c7e72a3946a32518170/suite/synctools/tablegen/include/llvm/IR/Attrib
utes.h  
#9 318.9   inflating: capstone-8455b3c5a53b02e524494c7e72a3946a32518170/suite/synctools/tablegen/include/llvm/IR/Attrib
utes.td  
#9 318.9   inflating: capstone-8455b3c5a53b02e524494c7e72a3946a32518170/suite/synctools/tablegen/include/llvm/IR/Attrib
utesAMDGPU.td  
#9 318.9   inflating: capstone-8455b3c5a53b02e524494c7e72a3946a32518170/suite/synctools/tablegen/include/llvm/IR/AutoUp
grade.h  
#9 318.9   inflating: capstone-8455b3c5a53b02e524494c7e72a3946a32518170/suite/synctools/tablegen/include/llvm/IR/BasicB
lock.h  
#9 318.9   inflating: capstone-8455b3c5a53b02e524494c7e72a3946a32518170/suite/synctools/tablegen/include/llvm/IR/Builti
nGCs.h  
#9 318.9   inflating: capstone-8455b3c5a53b02e524494c7e72a3946a32518170/suite/synctools/tablegen/include/llvm/IR/CFG.h 
 
#9 318.9   inflating: capstone-8455b3c5a53b02e524494c7e72a3946a32518170/suite/synctools/tablegen/include/llvm/IR/Callin
gConv.h  
#9 318.9   inflating: capstone-8455b3c5a53b02e524494c7e72a3946a32518170/suite/synctools/tablegen/include/llvm/IR/Comdat
.h  
#9 318.9   inflating: capstone-8455b3c5a53b02e524494c7e72a3946a32518170/suite/synctools/tablegen/include/llvm/IR/Consta
nt.h  
#9 318.9   inflating: capstone-8455b3c5a53b02e524494c7e72a3946a32518170/suite/synctools/tablegen/include/llvm/IR/Consta
ntFolder.h  
#9 318.9   inflating: capstone-8455b3c5a53b02e524494c7e72a3946a32518170/suite/synctools/tablegen/include/llvm/IR/Consta
ntRange.h  
#9 318.9   inflating: capstone-8455b3c5a53b02e524494c7e72a3946a32518170/suite/synctools/tablegen/include/llvm/IR/Consta
nts.h  
#9 318.9   inflating: capstone-8455b3c5a53b02e524494c7e72a3946a32518170/suite/synctools/tablegen/include/llvm/IR/Constr
ainedOps.def  
#9 318.9   inflating: capstone-8455b3c5a53b02e524494c7e72a3946a32518170/suite/synctools/tablegen/include/llvm/IR/DIBuil
der.h  
#9 318.9   inflating: capstone-8455b3c5a53b02e524494c7e72a3946a32518170/suite/synctools/tablegen/include/llvm/IR/DataLa
yout.h  
#9 318.9   inflating: capstone-8455b3c5a53b02e524494c7e72a3946a32518170/suite/synctools/tablegen/include/llvm/IR/DebugI
nfo.h  
#9 318.9   inflating: capstone-8455b3c5a53b02e524494c7e72a3946a32518170/suite/synctools/tablegen/include/llvm/IR/DebugI
nfoFlags.def  
#9 318.9   inflating: capstone-8455b3c5a53b02e524494c7e72a3946a32518170/suite/synctools/tablegen/include/llvm/IR/DebugI
nfoMetadata.h  
#9 318.9   inflating: capstone-8455b3c5a53b02e524494c7e72a3946a32518170/suite/synctools/tablegen/include/llvm/IR/DebugL
oc.h  
#9 318.9   inflating: capstone-8455b3c5a53b02e524494c7e72a3946a32518170/suite/synctools/tablegen/include/llvm/IR/Derive
dTypes.h  
#9 318.9   inflating: capstone-8455b3c5a53b02e524494c7e72a3946a32518170/suite/synctools/tablegen/include/llvm/IR/Derive
dUser.h  
#9 318.9   inflating: capstone-8455b3c5a53b02e524494c7e72a3946a32518170/suite/synctools/tablegen/include/llvm/IR/Diagno
sticHandler.h  
#9 318.9   inflating: capstone-8455b3c5a53b02e524494c7e72a3946a32518170/suite/synctools/tablegen/include/llvm/IR/Diagno
sticInfo.h  
#9 318.9   inflating: capstone-8455b3c5a53b02e524494c7e72a3946a32518170/suite/synctools/tablegen/include/llvm/IR/Diagno
sticPrinter.h  
#9 318.9   inflating: capstone-8455b3c5a53b02e524494c7e72a3946a32518170/suite/synctools/tablegen/include/llvm/IR/Domina
tors.h  
#9 318.9   inflating: capstone-8455b3c5a53b02e524494c7e72a3946a32518170/suite/synctools/tablegen/include/llvm/IR/FPEnv.
h  
#9 318.9   inflating: capstone-8455b3c5a53b02e524494c7e72a3946a32518170/suite/synctools/tablegen/include/llvm/IR/FixedM
etadataKinds.def  
#9 318.9   inflating: capstone-8455b3c5a53b02e524494c7e72a3946a32518170/suite/synctools/tablegen/include/llvm/IR/FixedP
ointBuilder.h  
#9 318.9   inflating: capstone-8455b3c5a53b02e524494c7e72a3946a32518170/suite/synctools/tablegen/include/llvm/IR/Functi
on.h  
#9 318.9   inflating: capstone-8455b3c5a53b02e524494c7e72a3946a32518170/suite/synctools/tablegen/include/llvm/IR/GCStra
tegy.h  
#9 318.9   inflating: capstone-8455b3c5a53b02e524494c7e72a3946a32518170/suite/synctools/tablegen/include/llvm/IR/GVMate
rializer.h  
#9 318.9   inflating: capstone-8455b3c5a53b02e524494c7e72a3946a32518170/suite/synctools/tablegen/include/llvm/IR/GetEle
mentPtrTypeIterator.h  
#9 318.9   inflating: capstone-8455b3c5a53b02e524494c7e72a3946a32518170/suite/synctools/tablegen/include/llvm/IR/Global
Alias.h  
#9 318.9   inflating: capstone-8455b3c5a53b02e524494c7e72a3946a32518170/suite/synctools/tablegen/include/llvm/IR/Global
IFunc.h  
#9 318.9   inflating: capstone-8455b3c5a53b02e524494c7e72a3946a32518170/suite/synctools/tablegen/include/llvm/IR/Global
Object.h  
#9 318.9   inflating: capstone-8455b3c5a53b02e524494c7e72a3946a32518170/suite/synctools/tablegen/include/llvm/IR/Global
Value.h  
#9 318.9   inflating: capstone-8455b3c5a53b02e524494c7e72a3946a32518170/suite/synctools/tablegen/include/llvm/IR/Global
Variable.h  
#9 318.9   inflating: capstone-8455b3c5a53b02e524494c7e72a3946a32518170/suite/synctools/tablegen/include/llvm/IR/IRBuil
der.h  
#9 318.9   inflating: capstone-8455b3c5a53b02e524494c7e72a3946a32518170/suite/synctools/tablegen/include/llvm/IR/IRBuil
derFolder.h  
#9 318.9   inflating: capstone-8455b3c5a53b02e524494c7e72a3946a32518170/suite/synctools/tablegen/include/llvm/IR/IRPrin
tingPasses.h  
#9 318.9   inflating: capstone-8455b3c5a53b02e524494c7e72a3946a32518170/suite/synctools/tablegen/include/llvm/IR/Inline
Asm.h  
#9 318.9   inflating: capstone-8455b3c5a53b02e524494c7e72a3946a32518170/suite/synctools/tablegen/include/llvm/IR/InstIt
erator.h  
#9 318.9   inflating: capstone-8455b3c5a53b02e524494c7e72a3946a32518170/suite/synctools/tablegen/include/llvm/IR/InstVi
sitor.h  
#9 318.9   inflating: capstone-8455b3c5a53b02e524494c7e72a3946a32518170/suite/synctools/tablegen/include/llvm/IR/InstrT
ypes.h  
#9 318.9   inflating: capstone-8455b3c5a53b02e524494c7e72a3946a32518170/suite/synctools/tablegen/include/llvm/IR/Instru
ction.def  
#9 318.9   inflating: capstone-8455b3c5a53b02e524494c7e72a3946a32518170/suite/synctools/tablegen/include/llvm/IR/Instru
ction.h  
#9 318.9   inflating: capstone-8455b3c5a53b02e524494c7e72a3946a32518170/suite/synctools/tablegen/include/llvm/IR/Instru
ctions.h  
#9 318.9   inflating: capstone-8455b3c5a53b02e524494c7e72a3946a32518170/suite/synctools/tablegen/include/llvm/IR/Intrin
sicInst.h  
#9 318.9   inflating: capstone-8455b3c5a53b02e524494c7e72a3946a32518170/suite/synctools/tablegen/include/llvm/IR/Intrin
sics.h  
#9 318.9   inflating: capstone-8455b3c5a53b02e524494c7e72a3946a32518170/suite/synctools/tablegen/include/llvm/IR/Intrin
sics.td  
#9 318.9   inflating: capstone-8455b3c5a53b02e524494c7e72a3946a32518170/suite/synctools/tablegen/include/llvm/IR/Intrin
sicsAArch64.h  
#9 318.9   inflating: capstone-8455b3c5a53b02e524494c7e72a3946a32518170/suite/synctools/tablegen/include/llvm/IR/Intrin
sicsAArch64.td  
#9 318.9   inflating: capstone-8455b3c5a53b02e524494c7e72a3946a32518170/suite/synctools/tablegen/include/llvm/IR/Intrin
sicsAMDGPU.h  
#9 318.9   inflating: capstone-8455b3c5a53b02e524494c7e72a3946a32518170/suite/synctools/tablegen/include/llvm/IR/Intrin
sicsAMDGPU.td  
#9 318.9   inflating: capstone-8455b3c5a53b02e524494c7e72a3946a32518170/suite/synctools/tablegen/include/llvm/IR/Intrin
sicsARM.h  
#9 318.9   inflating: capstone-8455b3c5a53b02e524494c7e72a3946a32518170/suite/synctools/tablegen/include/llvm/IR/Intrin
sicsARM.td  
#9 318.9   inflating: capstone-8455b3c5a53b02e524494c7e72a3946a32518170/suite/synctools/tablegen/include/llvm/IR/Intrin
sicsBPF.h  
#9 318.9   inflating: capstone-8455b3c5a53b02e524494c7e72a3946a32518170/suite/synctools/tablegen/include/llvm/IR/Intrin
sicsBPF.td  
#9 318.9   inflating: capstone-8455b3c5a53b02e524494c7e72a3946a32518170/suite/synctools/tablegen/include/llvm/IR/Intrin
sicsHexagon.h  
#9 318.9   inflating: capstone-8455b3c5a53b02e524494c7e72a3946a32518170/suite/synctools/tablegen/include/llvm/IR/Intrin
sicsHexagon.td  
#9 318.9   inflating: capstone-8455b3c5a53b02e524494c7e72a3946a32518170/suite/synctools/tablegen/include/llvm/IR/Intrin
sicsHexagonDep.td  
#9 318.9   inflating: capstone-8455b3c5a53b02e524494c7e72a3946a32518170/suite/synctools/tablegen/include/llvm/IR/Intrin
sicsMips.h  
#9 318.9   inflating: capstone-8455b3c5a53b02e524494c7e72a3946a32518170/suite/synctools/tablegen/include/llvm/IR/Intrin
sicsMips.td  
#9 318.9   inflating: capstone-8455b3c5a53b02e524494c7e72a3946a32518170/suite/synctools/tablegen/include/llvm/IR/Intrin
sicsNVPTX.h  
#9 318.9   inflating: capstone-8455b3c5a53b02e524494c7e72a3946a32518170/suite/synctools/tablegen/include/llvm/IR/Intrin
sicsNVVM.td  
#9 318.9   inflating: capstone-8455b3c5a53b02e524494c7e72a3946a32518170/suite/synctools/tablegen/include/llvm/IR/Intrin
sicsPowerPC.h  
#9 318.9   inflating: capstone-8455b3c5a53b02e524494c7e72a3946a32518170/suite/synctools/tablegen/include/llvm/IR/Intrin
sicsPowerPC.td  
#9 318.9   inflating: capstone-8455b3c5a53b02e524494c7e72a3946a32518170/suite/synctools/tablegen/include/llvm/IR/Intrin
sicsR600.h  
#9 318.9   inflating: capstone-8455b3c5a53b02e524494c7e72a3946a32518170/suite/synctools/tablegen/include/llvm/IR/Intrin
sicsRISCV.h  
#9 318.9   inflating: capstone-8455b3c5a53b02e524494c7e72a3946a32518170/suite/synctools/tablegen/include/llvm/IR/Intrin
sicsRISCV.td  
#9 318.9   inflating: capstone-8455b3c5a53b02e524494c7e72a3946a32518170/suite/synctools/tablegen/include/llvm/IR/Intrin
sicsS390.h  
#9 318.9   inflating: capstone-8455b3c5a53b02e524494c7e72a3946a32518170/suite/synctools/tablegen/include/llvm/IR/Intrin
sicsSystemZ.td  
#9 318.9   inflating: capstone-8455b3c5a53b02e524494c7e72a3946a32518170/suite/synctools/tablegen/include/llvm/IR/Intrin
sicsVE.h  
#9 318.9   inflating: capstone-8455b3c5a53b02e524494c7e72a3946a32518170/suite/synctools/tablegen/include/llvm/IR/Intrin
sicsVE.td  
#9 318.9   inflating: capstone-8455b3c5a53b02e524494c7e72a3946a32518170/suite/synctools/tablegen/include/llvm/IR/Intrin
sicsVEVL.gen.td  
#9 318.9   inflating: capstone-8455b3c5a53b02e524494c7e72a3946a32518170/suite/synctools/tablegen/include/llvm/IR/Intrin
sicsWebAssembly.h  
#9 318.9   inflating: capstone-8455b3c5a53b02e524494c7e72a3946a32518170/suite/synctools/tablegen/include/llvm/IR/Intrin
sicsWebAssembly.td  
#9 318.9   inflating: capstone-8455b3c5a53b02e524494c7e72a3946a32518170/suite/synctools/tablegen/include/llvm/IR/Intrin
sicsX86.h  
#9 318.9   inflating: capstone-8455b3c5a53b02e524494c7e72a3946a32518170/suite/synctools/tablegen/include/llvm/IR/Intrin
sicsX86.td  
#9 318.9   inflating: capstone-8455b3c5a53b02e524494c7e72a3946a32518170/suite/synctools/tablegen/include/llvm/IR/Intrin
sicsXCore.h  
#9 318.9   inflating: capstone-8455b3c5a53b02e524494c7e72a3946a32518170/suite/synctools/tablegen/include/llvm/IR/Intrin
sicsXCore.td  
#9 319.0   inflating: capstone-8455b3c5a53b02e524494c7e72a3946a32518170/suite/synctools/tablegen/include/llvm/IR/LLVMCo
ntext.h  
#9 319.0   inflating: capstone-8455b3c5a53b02e524494c7e72a3946a32518170/suite/synctools/tablegen/include/llvm/IR/LLVMRe
markStreamer.h  
#9 319.0   inflating: capstone-8455b3c5a53b02e524494c7e72a3946a32518170/suite/synctools/tablegen/include/llvm/IR/Legacy
PassManager.h  
#9 319.0   inflating: capstone-8455b3c5a53b02e524494c7e72a3946a32518170/suite/synctools/tablegen/include/llvm/IR/Legacy
PassManagers.h  
#9 319.0   inflating: capstone-8455b3c5a53b02e524494c7e72a3946a32518170/suite/synctools/tablegen/include/llvm/IR/Legacy
PassNameParser.h  
#9 319.0   inflating: capstone-8455b3c5a53b02e524494c7e72a3946a32518170/suite/synctools/tablegen/include/llvm/IR/MDBuil
der.h  
#9 319.0   inflating: capstone-8455b3c5a53b02e524494c7e72a3946a32518170/suite/synctools/tablegen/include/llvm/IR/Mangle
r.h  
#9 319.0   inflating: capstone-8455b3c5a53b02e524494c7e72a3946a32518170/suite/synctools/tablegen/include/llvm/IR/Matrix
Builder.h  
#9 319.0   inflating: capstone-8455b3c5a53b02e524494c7e72a3946a32518170/suite/synctools/tablegen/include/llvm/IR/Metada
ta.def  
#9 319.0   inflating: capstone-8455b3c5a53b02e524494c7e72a3946a32518170/suite/synctools/tablegen/include/llvm/IR/Metada
ta.h  
#9 319.0   inflating: capstone-8455b3c5a53b02e524494c7e72a3946a32518170/suite/synctools/tablegen/include/llvm/IR/Module
.h  
#9 319.0   inflating: capstone-8455b3c5a53b02e524494c7e72a3946a32518170/suite/synctools/tablegen/include/llvm/IR/Module
SlotTracker.h  
#9 319.0   inflating: capstone-8455b3c5a53b02e524494c7e72a3946a32518170/suite/synctools/tablegen/include/llvm/IR/Module
SummaryIndex.h  
#9 319.0   inflating: capstone-8455b3c5a53b02e524494c7e72a3946a32518170/suite/synctools/tablegen/include/llvm/IR/Module
SummaryIndexYAML.h  
#9 319.0   inflating: capstone-8455b3c5a53b02e524494c7e72a3946a32518170/suite/synctools/tablegen/include/llvm/IR/NoFold
er.h  
#9 319.0   inflating: capstone-8455b3c5a53b02e524494c7e72a3946a32518170/suite/synctools/tablegen/include/llvm/IR/Operan
dTraits.h  
#9 319.0   inflating: capstone-8455b3c5a53b02e524494c7e72a3946a32518170/suite/synctools/tablegen/include/llvm/IR/Operat
or.h  
#9 319.0   inflating: capstone-8455b3c5a53b02e524494c7e72a3946a32518170/suite/synctools/tablegen/include/llvm/IR/OptBis
ect.h  
#9 319.0   inflating: capstone-8455b3c5a53b02e524494c7e72a3946a32518170/suite/synctools/tablegen/include/llvm/IR/PassIn
strumentation.h  
#9 319.0   inflating: capstone-8455b3c5a53b02e524494c7e72a3946a32518170/suite/synctools/tablegen/include/llvm/IR/PassMa
nager.h  
#9 319.0   inflating: capstone-8455b3c5a53b02e524494c7e72a3946a32518170/suite/synctools/tablegen/include/llvm/IR/PassMa
nagerImpl.h  
#9 319.0   inflating: capstone-8455b3c5a53b02e524494c7e72a3946a32518170/suite/synctools/tablegen/include/llvm/IR/PassMa
nagerInternal.h  
#9 319.0   inflating: capstone-8455b3c5a53b02e524494c7e72a3946a32518170/suite/synctools/tablegen/include/llvm/IR/PassTi
mingInfo.h  
#9 319.0   inflating: capstone-8455b3c5a53b02e524494c7e72a3946a32518170/suite/synctools/tablegen/include/llvm/IR/Patter
nMatch.h  
#9 319.0   inflating: capstone-8455b3c5a53b02e524494c7e72a3946a32518170/suite/synctools/tablegen/include/llvm/IR/PredIt
eratorCache.h  
#9 319.0   inflating: capstone-8455b3c5a53b02e524494c7e72a3946a32518170/suite/synctools/tablegen/include/llvm/IR/PrintP
asses.h  
#9 319.0   inflating: capstone-8455b3c5a53b02e524494c7e72a3946a32518170/suite/synctools/tablegen/include/llvm/IR/Profil
eSummary.h  
#9 319.0   inflating: capstone-8455b3c5a53b02e524494c7e72a3946a32518170/suite/synctools/tablegen/include/llvm/IR/Pseudo
Probe.h  
#9 319.0   inflating: capstone-8455b3c5a53b02e524494c7e72a3946a32518170/suite/synctools/tablegen/include/llvm/IR/Replac
eConstant.h  
#9 319.0   inflating: capstone-8455b3c5a53b02e524494c7e72a3946a32518170/suite/synctools/tablegen/include/llvm/IR/Runtim
eLibcalls.def  
#9 319.0   inflating: capstone-8455b3c5a53b02e524494c7e72a3946a32518170/suite/synctools/tablegen/include/llvm/IR/SSACon
text.h  
#9 319.0   inflating: capstone-8455b3c5a53b02e524494c7e72a3946a32518170/suite/synctools/tablegen/include/llvm/IR/Safepo
intIRVerifier.h  
#9 319.0   inflating: capstone-8455b3c5a53b02e524494c7e72a3946a32518170/suite/synctools/tablegen/include/llvm/IR/Statep
oint.h  
#9 319.0   inflating: capstone-8455b3c5a53b02e524494c7e72a3946a32518170/suite/synctools/tablegen/include/llvm/IR/Struct
uralHash.h  
#9 319.0   inflating: capstone-8455b3c5a53b02e524494c7e72a3946a32518170/suite/synctools/tablegen/include/llvm/IR/Symbol
TableListTraits.h  
#9 319.0   inflating: capstone-8455b3c5a53b02e524494c7e72a3946a32518170/suite/synctools/tablegen/include/llvm/IR/Tracki
ngMDRef.h  
#9 319.0   inflating: capstone-8455b3c5a53b02e524494c7e72a3946a32518170/suite/synctools/tablegen/include/llvm/IR/Type.h
  
#9 319.0   inflating: capstone-8455b3c5a53b02e524494c7e72a3946a32518170/suite/synctools/tablegen/include/llvm/IR/TypeFi
nder.h  
#9 319.0   inflating: capstone-8455b3c5a53b02e524494c7e72a3946a32518170/suite/synctools/tablegen/include/llvm/IR/Use.h 
 
#9 319.0   inflating: capstone-8455b3c5a53b02e524494c7e72a3946a32518170/suite/synctools/tablegen/include/llvm/IR/UseLis
tOrder.h  
#9 319.0   inflating: capstone-8455b3c5a53b02e524494c7e72a3946a32518170/suite/synctools/tablegen/include/llvm/IR/User.h
  
#9 319.0   inflating: capstone-8455b3c5a53b02e524494c7e72a3946a32518170/suite/synctools/tablegen/include/llvm/IR/VPIntr
insics.def  
#9 319.0   inflating: capstone-8455b3c5a53b02e524494c7e72a3946a32518170/suite/synctools/tablegen/include/llvm/IR/Value.
def  
#9 319.0   inflating: capstone-8455b3c5a53b02e524494c7e72a3946a32518170/suite/synctools/tablegen/include/llvm/IR/Value.
h  
#9 319.0   inflating: capstone-8455b3c5a53b02e524494c7e72a3946a32518170/suite/synctools/tablegen/include/llvm/IR/ValueH
andle.h  
#9 319.0   inflating: capstone-8455b3c5a53b02e524494c7e72a3946a32518170/suite/synctools/tablegen/include/llvm/IR/ValueM
ap.h  
#9 319.0   inflating: capstone-8455b3c5a53b02e524494c7e72a3946a32518170/suite/synctools/tablegen/include/llvm/IR/ValueS
ymbolTable.h  
#9 319.0   inflating: capstone-8455b3c5a53b02e524494c7e72a3946a32518170/suite/synctools/tablegen/include/llvm/IR/Verifi
er.h  
#9 319.0    creating: capstone-8455b3c5a53b02e524494c7e72a3946a32518170/suite/synctools/tablegen/include/llvm/ProfileDa
ta/
#9 319.0    creating: capstone-8455b3c5a53b02e524494c7e72a3946a32518170/suite/synctools/tablegen/include/llvm/ProfileDa
ta/Coverage/
#9 319.0   inflating: capstone-8455b3c5a53b02e524494c7e72a3946a32518170/suite/synctools/tablegen/include/llvm/ProfileDa
ta/Coverage/CoverageMapping.h  
#9 319.0   inflating: capstone-8455b3c5a53b02e524494c7e72a3946a32518170/suite/synctools/tablegen/include/llvm/ProfileDa
ta/Coverage/CoverageMappingReader.h  
#9 319.0   inflating: capstone-8455b3c5a53b02e524494c7e72a3946a32518170/suite/synctools/tablegen/include/llvm/ProfileDa
ta/Coverage/CoverageMappingWriter.h  
#9 319.0   inflating: capstone-8455b3c5a53b02e524494c7e72a3946a32518170/suite/synctools/tablegen/include/llvm/ProfileDa
ta/GCOV.h  
#9 319.0   inflating: capstone-8455b3c5a53b02e524494c7e72a3946a32518170/suite/synctools/tablegen/include/llvm/ProfileDa
ta/InstrProf.h  
#9 319.0   inflating: capstone-8455b3c5a53b02e524494c7e72a3946a32518170/suite/synctools/tablegen/include/llvm/ProfileDa
ta/InstrProfCorrelator.h  
#9 319.0   inflating: capstone-8455b3c5a53b02e524494c7e72a3946a32518170/suite/synctools/tablegen/include/llvm/ProfileDa
ta/InstrProfReader.h  
#9 319.0   inflating: capstone-8455b3c5a53b02e524494c7e72a3946a32518170/suite/synctools/tablegen/include/llvm/ProfileDa
ta/InstrProfWriter.h  
#9 319.0   inflating: capstone-8455b3c5a53b02e524494c7e72a3946a32518170/suite/synctools/tablegen/include/llvm/ProfileDa
ta/ProfileCommon.h  
#9 319.0   inflating: capstone-8455b3c5a53b02e524494c7e72a3946a32518170/suite/synctools/tablegen/include/llvm/ProfileDa
ta/RawMemProfReader.h  
#9 319.0   inflating: capstone-8455b3c5a53b02e524494c7e72a3946a32518170/suite/synctools/tablegen/include/llvm/ProfileDa
ta/SampleProf.h  
#9 319.0   inflating: capstone-8455b3c5a53b02e524494c7e72a3946a32518170/suite/synctools/tablegen/include/llvm/ProfileDa
ta/SampleProfReader.h  
#9 319.0   inflating: capstone-8455b3c5a53b02e524494c7e72a3946a32518170/suite/synctools/tablegen/include/llvm/ProfileDa
ta/SampleProfWriter.h  
#9 319.0    creating: capstone-8455b3c5a53b02e524494c7e72a3946a32518170/suite/synctools/tablegen/include/llvm/TableGen/
#9 319.0   inflating: capstone-8455b3c5a53b02e524494c7e72a3946a32518170/suite/synctools/tablegen/include/llvm/TableGen/
Automaton.td  
#9 319.0   inflating: capstone-8455b3c5a53b02e524494c7e72a3946a32518170/suite/synctools/tablegen/include/llvm/TableGen/
DirectiveEmitter.h  
#9 319.0   inflating: capstone-8455b3c5a53b02e524494c7e72a3946a32518170/suite/synctools/tablegen/include/llvm/TableGen/
Error.h  
#9 319.0   inflating: capstone-8455b3c5a53b02e524494c7e72a3946a32518170/suite/synctools/tablegen/include/llvm/TableGen/
Main.h  
#9 319.0   inflating: capstone-8455b3c5a53b02e524494c7e72a3946a32518170/suite/synctools/tablegen/include/llvm/TableGen/
Record.h  
#9 319.0   inflating: capstone-8455b3c5a53b02e524494c7e72a3946a32518170/suite/synctools/tablegen/include/llvm/TableGen/
SearchableTable.td  
#9 319.0   inflating: capstone-8455b3c5a53b02e524494c7e72a3946a32518170/suite/synctools/tablegen/include/llvm/TableGen/
SetTheory.h  
#9 319.0   inflating: capstone-8455b3c5a53b02e524494c7e72a3946a32518170/suite/synctools/tablegen/include/llvm/TableGen/
StringMatcher.h  
#9 319.0   inflating: capstone-8455b3c5a53b02e524494c7e72a3946a32518170/suite/synctools/tablegen/include/llvm/TableGen/
StringToOffsetTable.h  
#9 319.0   inflating: capstone-8455b3c5a53b02e524494c7e72a3946a32518170/suite/synctools/tablegen/include/llvm/TableGen/
TableGenBackend.h  
#9 319.0    creating: capstone-8455b3c5a53b02e524494c7e72a3946a32518170/suite/synctools/tablegen/include/llvm/Target/
#9 319.0   inflating: capstone-8455b3c5a53b02e524494c7e72a3946a32518170/suite/synctools/tablegen/include/llvm/Target/CG
PassBuilderOption.h  
#9 319.0   inflating: capstone-8455b3c5a53b02e524494c7e72a3946a32518170/suite/synctools/tablegen/include/llvm/Target/Co
deGenCWrappers.h  
#9 319.0   inflating: capstone-8455b3c5a53b02e524494c7e72a3946a32518170/suite/synctools/tablegen/include/llvm/Target/Ge
nericOpcodes.td  
#9 319.0    creating: capstone-8455b3c5a53b02e524494c7e72a3946a32518170/suite/synctools/tablegen/include/llvm/Target/Gl
obalISel/
#9 319.0   inflating: capstone-8455b3c5a53b02e524494c7e72a3946a32518170/suite/synctools/tablegen/include/llvm/Target/Gl
obalISel/Combine.td  
#9 319.0   inflating: capstone-8455b3c5a53b02e524494c7e72a3946a32518170/suite/synctools/tablegen/include/llvm/Target/Gl
obalISel/RegisterBank.td  
#9 319.0   inflating: capstone-8455b3c5a53b02e524494c7e72a3946a32518170/suite/synctools/tablegen/include/llvm/Target/Gl
obalISel/SelectionDAGCompat.td  
#9 319.0   inflating: capstone-8455b3c5a53b02e524494c7e72a3946a32518170/suite/synctools/tablegen/include/llvm/Target/Gl
obalISel/Target.td  
#9 319.0   inflating: capstone-8455b3c5a53b02e524494c7e72a3946a32518170/suite/synctools/tablegen/include/llvm/Target/Ta
rget.td  
#9 319.0   inflating: capstone-8455b3c5a53b02e524494c7e72a3946a32518170/suite/synctools/tablegen/include/llvm/Target/Ta
rgetCallingConv.td  
#9 319.0   inflating: capstone-8455b3c5a53b02e524494c7e72a3946a32518170/suite/synctools/tablegen/include/llvm/Target/Ta
rgetInstrPredicate.td  
#9 319.0   inflating: capstone-8455b3c5a53b02e524494c7e72a3946a32518170/suite/synctools/tablegen/include/llvm/Target/Ta
rgetIntrinsicInfo.h  
#9 319.0   inflating: capstone-8455b3c5a53b02e524494c7e72a3946a32518170/suite/synctools/tablegen/include/llvm/Target/Ta
rgetItinerary.td  
#9 319.0   inflating: capstone-8455b3c5a53b02e524494c7e72a3946a32518170/suite/synctools/tablegen/include/llvm/Target/Ta
rgetLoweringObjectFile.h  
#9 319.0   inflating: capstone-8455b3c5a53b02e524494c7e72a3946a32518170/suite/synctools/tablegen/include/llvm/Target/Ta
rgetMachine.h  
#9 319.0   inflating: capstone-8455b3c5a53b02e524494c7e72a3946a32518170/suite/synctools/tablegen/include/llvm/Target/Ta
rgetOptions.h  
#9 319.0   inflating: capstone-8455b3c5a53b02e524494c7e72a3946a32518170/suite/synctools/tablegen/include/llvm/Target/Ta
rgetPfmCounters.td  
#9 319.0   inflating: capstone-8455b3c5a53b02e524494c7e72a3946a32518170/suite/synctools/tablegen/include/llvm/Target/Ta
rgetSchedule.td  
#9 319.0   inflating: capstone-8455b3c5a53b02e524494c7e72a3946a32518170/suite/synctools/tablegen/include/llvm/Target/Ta
rgetSelectionDAG.td  
#9 319.0   inflating: capstone-8455b3c5a53b02e524494c7e72a3946a32518170/suite/test_all.sh  
#9 319.0   inflating: capstone-8455b3c5a53b02e524494c7e72a3946a32518170/suite/test_c.sh  
#9 319.0   inflating: capstone-8455b3c5a53b02e524494c7e72a3946a32518170/suite/test_corpus.py  
#9 319.0   inflating: capstone-8455b3c5a53b02e524494c7e72a3946a32518170/suite/test_corpus3.py  
#9 319.0   inflating: capstone-8455b3c5a53b02e524494c7e72a3946a32518170/suite/test_group_name.py  
#9 319.0   inflating: capstone-8455b3c5a53b02e524494c7e72a3946a32518170/suite/test_mc.py  
#9 319.0   inflating: capstone-8455b3c5a53b02e524494c7e72a3946a32518170/suite/test_mc.sh  
#9 319.0   inflating: capstone-8455b3c5a53b02e524494c7e72a3946a32518170/suite/test_python.sh  
#9 319.0    creating: capstone-8455b3c5a53b02e524494c7e72a3946a32518170/suite/x86/
#9 319.0  extracting: capstone-8455b3c5a53b02e524494c7e72a3946a32518170/suite/x86/README  
#9 319.0    creating: capstone-8455b3c5a53b02e524494c7e72a3946a32518170/suite/x86/verify/
#9 319.0   inflating: capstone-8455b3c5a53b02e524494c7e72a3946a32518170/suite/x86/verify/README  
#9 319.0   inflating: capstone-8455b3c5a53b02e524494c7e72a3946a32518170/suite/x86odd.py  
#9 319.0    creating: capstone-8455b3c5a53b02e524494c7e72a3946a32518170/tests/
#9 319.0   inflating: capstone-8455b3c5a53b02e524494c7e72a3946a32518170/tests/Makefile  
#9 319.0   inflating: capstone-8455b3c5a53b02e524494c7e72a3946a32518170/tests/README  
#9 319.0   inflating: capstone-8455b3c5a53b02e524494c7e72a3946a32518170/tests/test_all.sh  
#9 319.0   inflating: capstone-8455b3c5a53b02e524494c7e72a3946a32518170/tests/test_arm.c  
#9 319.0   inflating: capstone-8455b3c5a53b02e524494c7e72a3946a32518170/tests/test_arm64.c  
#9 319.0   inflating: capstone-8455b3c5a53b02e524494c7e72a3946a32518170/tests/test_basic.c  
#9 319.0   inflating: capstone-8455b3c5a53b02e524494c7e72a3946a32518170/tests/test_bpf.c  
#9 319.0   inflating: capstone-8455b3c5a53b02e524494c7e72a3946a32518170/tests/test_customized_mnem.c  
#9 319.0   inflating: capstone-8455b3c5a53b02e524494c7e72a3946a32518170/tests/test_detail.c  
#9 319.0   inflating: capstone-8455b3c5a53b02e524494c7e72a3946a32518170/tests/test_evm.c  
#9 319.0   inflating: capstone-8455b3c5a53b02e524494c7e72a3946a32518170/tests/test_iter.c  
#9 319.0   inflating: capstone-8455b3c5a53b02e524494c7e72a3946a32518170/tests/test_m680x.c  
#9 319.0   inflating: capstone-8455b3c5a53b02e524494c7e72a3946a32518170/tests/test_m68k.c  
#9 319.0   inflating: capstone-8455b3c5a53b02e524494c7e72a3946a32518170/tests/test_mips.c  
#9 319.0   inflating: capstone-8455b3c5a53b02e524494c7e72a3946a32518170/tests/test_mos65xx.c  
#9 319.0   inflating: capstone-8455b3c5a53b02e524494c7e72a3946a32518170/tests/test_ppc.c  
#9 319.0   inflating: capstone-8455b3c5a53b02e524494c7e72a3946a32518170/tests/test_riscv.c  
#9 319.0   inflating: capstone-8455b3c5a53b02e524494c7e72a3946a32518170/tests/test_sh.c  
#9 319.0   inflating: capstone-8455b3c5a53b02e524494c7e72a3946a32518170/tests/test_skipdata.c  
#9 319.0   inflating: capstone-8455b3c5a53b02e524494c7e72a3946a32518170/tests/test_sparc.c  
#9 319.0   inflating: capstone-8455b3c5a53b02e524494c7e72a3946a32518170/tests/test_systemz.c  
#9 319.0   inflating: capstone-8455b3c5a53b02e524494c7e72a3946a32518170/tests/test_tms320c64x.c  
#9 319.0   inflating: capstone-8455b3c5a53b02e524494c7e72a3946a32518170/tests/test_tricore.c  
#9 319.0   inflating: capstone-8455b3c5a53b02e524494c7e72a3946a32518170/tests/test_wasm.c  
#9 319.0   inflating: capstone-8455b3c5a53b02e524494c7e72a3946a32518170/tests/test_winkernel.cpp  
#9 319.0   inflating: capstone-8455b3c5a53b02e524494c7e72a3946a32518170/tests/test_x86.c  
#9 319.0   inflating: capstone-8455b3c5a53b02e524494c7e72a3946a32518170/tests/test_xcore.c  
#9 319.0   inflating: capstone-8455b3c5a53b02e524494c7e72a3946a32518170/utils.c  
#9 319.0   inflating: capstone-8455b3c5a53b02e524494c7e72a3946a32518170/utils.h  
#9 319.0    creating: capstone-8455b3c5a53b02e524494c7e72a3946a32518170/windows/
#9 319.0  extracting: capstone-8455b3c5a53b02e524494c7e72a3946a32518170/windows/README  
#9 319.0   inflating: capstone-8455b3c5a53b02e524494c7e72a3946a32518170/windows/winkernel_mm.c  
#9 319.0   inflating: capstone-8455b3c5a53b02e524494c7e72a3946a32518170/windows/winkernel_mm.h  
#9 319.0    creating: capstone-8455b3c5a53b02e524494c7e72a3946a32518170/windowsce/
#9 319.0   inflating: capstone-8455b3c5a53b02e524494c7e72a3946a32518170/windowsce/.gitignore  
#9 319.0   inflating: capstone-8455b3c5a53b02e524494c7e72a3946a32518170/windowsce/COMPILE.md  
#9 319.0   inflating: capstone-8455b3c5a53b02e524494c7e72a3946a32518170/windowsce/make_windowsce7-armv7.bat  
#9 319.0   inflating: capstone-8455b3c5a53b02e524494c7e72a3946a32518170/windowsce/make_windowsce8-armv7.bat  
#9 319.0    creating: capstone-8455b3c5a53b02e524494c7e72a3946a32518170/xcode/
#9 319.0    creating: capstone-8455b3c5a53b02e524494c7e72a3946a32518170/xcode/Capstone.xcodeproj/
#9 319.0   inflating: capstone-8455b3c5a53b02e524494c7e72a3946a32518170/xcode/Capstone.xcodeproj/project.pbxproj  
#9 319.0    creating: capstone-8455b3c5a53b02e524494c7e72a3946a32518170/xcode/Capstone.xcodeproj/project.xcworkspace/
#9 319.0   inflating: capstone-8455b3c5a53b02e524494c7e72a3946a32518170/xcode/Capstone.xcodeproj/project.xcworkspace/co
ntents.xcworkspacedata  
#9 319.0    creating: capstone-8455b3c5a53b02e524494c7e72a3946a32518170/xcode/Capstone.xcodeproj/xcshareddata/
#9 319.0    creating: capstone-8455b3c5a53b02e524494c7e72a3946a32518170/xcode/Capstone.xcodeproj/xcshareddata/xcschemes
/
#9 319.0   inflating: capstone-8455b3c5a53b02e524494c7e72a3946a32518170/xcode/Capstone.xcodeproj/xcshareddata/xcschemes
/Dynamic Library.xcscheme  
#9 319.0   inflating: capstone-8455b3c5a53b02e524494c7e72a3946a32518170/xcode/Capstone.xcodeproj/xcshareddata/xcschemes
/Framework.xcscheme  
#9 319.0   inflating: capstone-8455b3c5a53b02e524494c7e72a3946a32518170/xcode/Capstone.xcodeproj/xcshareddata/xcschemes
/Static Library.xcscheme  
#9 319.0   inflating: capstone-8455b3c5a53b02e524494c7e72a3946a32518170/xcode/Capstone.xcodeproj/xcshareddata/xcschemes
/Tests.xcscheme  
#9 319.0    creating: capstone-8455b3c5a53b02e524494c7e72a3946a32518170/xcode/CapstoneFramework/
#9 319.0   inflating: capstone-8455b3c5a53b02e524494c7e72a3946a32518170/xcode/CapstoneFramework/Info.plist  
#9 319.0   inflating: capstone-8455b3c5a53b02e524494c7e72a3946a32518170/xcode/CapstoneFramework/module.modulemap  
#9 319.0   inflating: capstone-8455b3c5a53b02e524494c7e72a3946a32518170/xcode/README.md  
#9 319.0 [capstone] Applying patches...
#9 319.0 /tmp/radare2/shlr
#9 319.0   CC      cs.o
#9 319.0   CC      utils.o
#9 319.0   CC      SStream.o
#9 319.0   CC      MCInstrDesc.o
#9 319.0   CC      MCRegisterInfo.o
#9 319.0   CC      MCInst.o
#9 319.0   CC      Mapping.o
#9 319.0   CC      arch/ARM/ARMDisassembler.o
#9 319.0   CC      arch/ARM/ARMInstPrinter.o
#9 319.0   CC      arch/ARM/ARMMapping.o
#9 319.0   CC      arch/ARM/ARMModule.o
#9 319.0   CC      arch/AArch64/AArch64BaseInfo.o
#9 319.0   CC      arch/AArch64/AArch64Disassembler.o
#9 319.0   CC      arch/AArch64/AArch64Mapping.o
#9 319.0   CC      arch/AArch64/AArch64InstPrinter.o
#9 319.0   CC      arch/AArch64/AArch64Module.o
#9 319.0   CC      arch/M68K/M68KDisassembler.o
#9 319.1   CC      arch/M68K/M68KInstPrinter.o
#9 319.1   CC      arch/M68K/M68KModule.o
#9 319.1   CC      arch/Mips/MipsDisassembler.o
#9 319.1   CC      arch/Mips/MipsInstPrinter.o
#9 319.1   CC      arch/Mips/MipsMapping.o
#9 319.2   CC      arch/Mips/MipsModule.o
#9 319.2   CC      arch/PowerPC/PPCDisassembler.o
#9 319.2   CC      arch/PowerPC/PPCInstPrinter.o
#9 319.2   CC      arch/PowerPC/PPCMapping.o
#9 319.2   CC      arch/PowerPC/PPCModule.o
#9 319.2   CC      arch/RISCV/RISCVDisassembler.o
#9 319.2   CC      arch/RISCV/RISCVInstPrinter.o
#9 319.2   CC      arch/RISCV/RISCVMapping.o
#9 319.2   CC      arch/RISCV/RISCVModule.o
#9 319.3   CC      arch/Sparc/SparcDisassembler.o
#9 319.3   CC      arch/Sparc/SparcInstPrinter.o
#9 319.3   CC      arch/Sparc/SparcMapping.o
#9 319.3   CC      arch/Sparc/SparcModule.o
#9 319.3   CC      arch/SystemZ/SystemZDisassembler.o
#9 319.4   CC      arch/SystemZ/SystemZInstPrinter.o
#9 319.4   CC      arch/SystemZ/SystemZMCTargetDesc.o
#9 319.4   CC      arch/SystemZ/SystemZMapping.o
#9 319.4   CC      arch/SystemZ/SystemZModule.o
#9 319.5   CC      arch/SH/SHDisassembler.o
#9 319.5   CC      arch/SH/SHInstPrinter.o
#9 319.5   CC      arch/SH/SHModule.o
#9 319.5   CC      arch/X86/X86DisassemblerDecoder.o
#9 319.5   CC      arch/X86/X86Disassembler.o
#9 319.6   CC      arch/X86/X86InstPrinterCommon.o
#9 319.6   CC      arch/X86/X86IntelInstPrinter.o
#9 319.6   CC      arch/X86/X86ATTInstPrinter.o
#9 319.7   CC      arch/X86/X86Mapping.o
#9 319.7   CC      arch/X86/X86Module.o
#9 319.7   CC      arch/XCore/XCoreDisassembler.o
#9 319.7   CC      arch/XCore/XCoreInstPrinter.o
#9 319.7   CC      arch/XCore/XCoreMapping.o
#9 319.7   CC      arch/XCore/XCoreModule.o
#9 319.8   CC      arch/TMS320C64x/TMS320C64xDisassembler.o
#9 319.8   CC      arch/TMS320C64x/TMS320C64xInstPrinter.o
#9 319.8   CC      arch/TMS320C64x/TMS320C64xMapping.o
#9 319.9   CC      arch/TMS320C64x/TMS320C64xModule.o
#9 319.9   CC      arch/M680X/M680XDisassembler.o
#9 319.9   CC      arch/M680X/M680XInstPrinter.o
#9 319.9   CC      arch/M680X/M680XModule.o
#9 319.9   CC      arch/EVM/EVMDisassembler.o
#9 319.9   CC      arch/EVM/EVMInstPrinter.o
#9 319.9   CC      arch/EVM/EVMMapping.o
#9 320.0   CC      arch/EVM/EVMModule.o
#9 320.0   CC      arch/MOS65XX/MOS65XXModule.o
#9 320.0   CC      arch/MOS65XX/MOS65XXDisassembler.o
#9 320.0   CC      arch/WASM/WASMDisassembler.o
#9 320.1   CC      arch/WASM/WASMInstPrinter.o
#9 320.1   CC      arch/WASM/WASMMapping.o
#9 320.1   CC      arch/WASM/WASMModule.o
#9 320.1   CC      arch/BPF/BPFDisassembler.o
#9 320.1   CC      arch/BPF/BPFInstPrinter.o
#9 320.1   CC      arch/BPF/BPFMapping.o
#9 320.2   CC      arch/BPF/BPFModule.o
#9 320.2   CC      arch/TriCore/TriCoreDisassembler.o
#9 320.2   CC      arch/TriCore/TriCoreInstPrinter.o
#9 320.2   CC      arch/TriCore/TriCoreMapping.o
#9 320.2   CC      arch/TriCore/TriCoreModule.o
#9 320.7   AR      libcapstone.a
#9 320.7 ar: creating ./libcapstone.a
#9 320.7 gmake -C zip
#9 320.7 gmake -C java
#9 320.8 [java 240] CC code.c
#9 320.8 [java 241] CC class.c
#9 320.8 [java 242] CC ops.c
#9 321.2 ar: creating libr_java.a
#9 321.2 gmake -C mpc
#9 321.3 ar: creating libmpc.a
#9 321.3 gmake -C gdb
#9 321.3 [gdb 243] CC src/arch.c
#9 321.3 [gdb 244] CC src/common.c
#9 321.3 [gdb 245] CC src/libgdbr.c
#9 321.3 [gdb 246] CC src/packet.c
#9 321.4 [gdb 247] CC src/utils.c
#9 321.4 [gdb 248] CC src/gdbclient/core.c
#9 321.4 [gdb 249] CC src/gdbclient/responses.c
#9 321.4 [gdb 250] CC src/gdbclient/xml.c
#9 321.4 [gdb 251] CC src/gdbserver/core.c
#9 321.5 ar: creating lib/libgdbr.a
#9 321.5 a - src/arch.o
#9 321.5 a - src/common.o
#9 321.5 a - src/libgdbr.o
#9 321.5 a - src/packet.o
#9 321.5 a - src/utils.o
#9 321.5 a - src/gdbclient/core.o
#9 321.5 a - src/gdbclient/responses.o
#9 321.5 a - src/gdbclient/xml.o
#9 321.5 a - src/gdbserver/core.o
#9 321.5 gmake -C qnx
#9 321.6 [qnx 252] CC src/core.c
#9 321.6 [qnx 253] CC src/libqnxr.c
#9 321.6 [qnx 254] CC src/packet.c
#9 321.6 [qnx 255] CC src/sigutil.c
#9 321.6 [qnx 256] CC src/utils.c
#9 321.7 ar: creating lib/libqnxr.a
#9 321.7 a - src/core.o
#9 321.7 a - src/libqnxr.o
#9 321.7 a - src/packet.o
#9 321.7 a - src/sigutil.o
#9 321.7 a - src/utils.o
#9 321.7 gmake -C ar
#9 321.8 ar: creating libr_ar.a
#9 321.8 gmake -C grub
#9 321.8 [grub 257] CC kern/file.c
#9 321.8 [grub 258] CC kern/term.c
#9 321.8 [grub 259] CC kern/device.c
#9 321.8 [grub 260] CC kern/err.c
#9 321.8 [grub 261] CC kern/env.c
#9 321.8 [grub 262] CC kern/disk.c
#9 321.8 [grub 263] CC kern/fs.c
#9 321.8 [grub 264] CC kern/misc.c
#9 321.9 [grub 265] CC kern/time.c
#9 321.9 [grub 266] CC kern/list.c
#9 321.9 [grub 267] CC kern/partition.c
#9 321.9 [grub 268] CC kern/mm.c
#9 321.9 [grub 269] CC fs/fshelp.c
#9 321.9 [grub 270] CC fs/reiserfs.c
#9 321.9 [grub 271] CC fs/ext2.c
#9 321.9 [grub 272] CC fs/fat.c
#9 321.9 [grub 273] CC fs/ntfs.c
#9 321.9 [grub 274] CC fs/ntfscomp.c
#9 321.9 [grub 275] CC fs/cpio.c
#9 321.9 [grub 276] CC fs/tar.c
#9 321.9 [grub 277] CC fs/xfs.c
#9 321.9 [grub 278] CC fs/ufs.c
#9 321.9 [grub 279] CC fs/ufs2.c
#9 322.0 [grub 280] CC fs/hfs.c
#9 322.0 [grub 281] CC fs/hfsplus.c
#9 322.0 [grub 282] CC fs/udf.c
#9 322.0 [grub 283] CC fs/iso9660.c
#9 322.0 [grub 284] CC fs/minix.c
#9 322.0 [grub 285] CC fs/jfs.c
#9 322.0 [grub 286] CC fs/fb.c
#9 322.0 [grub 287] CC fs/sfs.c
#9 322.0 [grub 288] CC grubfs.c
#9 322.0 [grub 289] CC partmap/msdos.c
#9 322.0 [grub 290] CC partmap/gpt.c
#9 322.0 [grub 291] CC partmap/apple.c
#9 322.1 [grub 292] CC partmap/amiga.c
#9 322.1 [grub 293] CC partmap/sun.c
#9 322.1 [grub 294] CC partmap/bsdlabel.c
#9 322.1 [grub 295] CC partmap/sunpc.c
#9 322.2 ar: creating libgrubfs.a
#9 322.2 DIR util
#9 322.4 DIR socket
#9 322.4 DIR reg
#9 322.4 DIR cons
#9 322.4 DIR bp
#9 322.4 DIR config
#9 322.4 DIR crypto
#9 322.4 DIR syscall
#9 322.4 [cons 296] CC cons.c
#9 322.4 [config 296] CC config.c
#9 322.4 [reg 296] CC reg.c
#9 322.4 SDB dos-x86-16.sdb.txt
#9 322.4 SDB ios-x86-32.sdb.txt
#9 322.4 SDB ios-arm-32.sdb.txt
#9 322.4 [cons 1] CC cpipe.c
#9 322.4 [bp 297] CC bp.c
#9 322.4 SDB ios-arm-64.sdb.txt
#9 322.4 [reg 297] CC arena.c
#9 322.4 [config 297] CC callback.c
#9 322.4 SDB linux-x86-32.sdb.txt
#9 322.4 SDB linux-x86-64.sdb.txt
#9 322.4 [bp 298] CC bp_watch.c
#9 322.4 [cons 298] CC output.c
#9 322.4 SDB linux-arm-32.sdb.txt
#9 322.4 SDB linux-arm-64.sdb.txt
#9 322.4 SDB s110-arm-16.sdb.txt
#9 322.4 [reg 298] CC rvalue.c
#9 322.5 SDB linux-mips-32.sdb.txt
#9 322.5 [crypto 301] CC p/crypto_aes.c
#9 322.5 [reg 300] CC rcond.c
#9 322.5 [bp 299] CC bp_io.c
#9 322.5 [cons 299] CC grep.c
#9 322.5 [crypto 302] CC p/crypto_aes_algo.c
#9 322.5 [reg 303] CC double.c
#9 322.5 SDB linux-sparc-32.sdb.txt
#9 322.5 SDB darwin-x86-32.sdb.txt
#9 322.5 [config 298] CC hold.c
#9 322.6 [cons 304] CC less.c
#9 322.6 SDB darwin-x86-64.sdb.txt
#9 322.6 [bp 304] CC bp_plugin.c
#9 322.6 [crypto 304] CC p/crypto_aes_cbc.c
#9 322.6 [cons 306] CC more.c
#9 322.6 SDB darwin-arm-32.sdb.txt
#9 322.6 [reg 305] CC profile.c
#9 322.6 [crypto 307] CC p/crypto_aes_wrap.c
#9 322.6 [cons 308] CC pager.c
#9 322.7 SDB darwin-arm-64.sdb.txt
#9 322.7 [bp 307] CC bp_traptrace.c
#9 322.7 [crypto 309] CC p/crypto_base64.c
#9 322.7 [crypto 311] CC p/crypto_base91.c
#9 322.7 [bp 310] CC p/bp_arm.c
#9 322.7 LD libr_config.so
#9 322.7 [bp 312] CC p/bp_bf.c
#9 322.7 [cons 309] CC cutf8.c
#9 322.7 SDB netbsd-x86-32.sdb.txt
#9 322.7 [bp 2] CC p/bp_mips.c
#9 322.8 [crypto 1] CC p/crypto_bech32.c
#9 322.8 SDB freebsd-x86-32.sdb.txt
#9 322.8 [bp 4] CC p/bp_null.c
#9 322.8 [cons 3] CC line.c
#9 322.8 SDB openbsd-x86-32.sdb.txt
#9 322.8 [bp 5] CC p/bp_ppc.c
#9 322.8 [cons 5] CC hud.c
#9 322.8 SDB openbsd-x86-64.sdb.txt
#9 322.8 [crypto 4] CC p/crypto_blowfish.c
#9 322.8 SDB windows-x86-32.sdb.txt
#9 322.9 [bp 6] CC p/bp_riscv.c
#9 322.9 [crypto 7] CC p/crypto_cps2.c
#9 322.9 SDB windows-x86-64.sdb.txt
#9 322.9 [crypto 8] CC p/crypto_des.c
#9 322.9 [cons 6] CC rgb.c
#9 322.9 [bp 8] CC p/bp_s390x.c
#9 322.9 [cons 9] CC input.c
#9 322.9 LD libr_reg.so
#9 322.9 [bp 10] CC p/bp_x86.c
#9 322.9 [cons 10] CC pal.c
#9 322.9 [crypto 9] CC p/crypto_ed25519.c
#9 322.9 [cons 11] CC editor.c
#9 322.9 [cons 12] CC 2048.c
#9 322.9 [crypto 11] CC p/crypto_entropy.c
#9 323.0 [cons 13] CC html.c
#9 323.0 [crypto 13] CC p/crypto_punycode.c
#9 323.0 [cons 14] CC canvas.c
#9 323.0 [crypto 14] CC p/crypto_rc2.c
#9 323.0 [cons 15] CC canvas_line.c
#9 323.0 [syscall 16] CC syscall.c
#9 323.0 [crypto 15] CC p/crypto_rc4.c
#9 323.0 [cons 16] CC stiv.c
#9 323.0 [syscall 17] CC ioports.c
#9 323.1 [crypto 17] CC p/crypto_rc6.c
#9 323.1 [cons 18] CC pixel.c
#9 323.1 [crypto 18] CC p/crypto_rol.c
#9 323.1 LD libr_bp.so
#9 323.1 [syscall 18] CC splugs.c
#9 323.1 [crypto 20] CC p/crypto_ror.c
#9 323.1 [cons 19] CC help.c
#9 323.1 [crypto 21] CC p/crypto_rot.c
#9 323.1 [crypto 22] CC p/crypto_serpent.c
#9 323.2 [crypto 23] CC p/crypto_serpent_algo.c
#9 323.2 [crypto 24] CC p/crypto_sip.c
#9 323.2 [crypto 25] CC p/crypto_sm4.c
#9 323.2 [crypto 26] CC p/crypto_sm4_algo.c
#9 323.2 [crypto 27] CC p/crypto_strhash.c
#9 323.2 [crypto 28] CC p/crypto_xor.c
#9 323.2 [crypto 29] CC crypto.c
#9 323.2 LD libr_syscall.so
#9 323.2 [crypto 30] CC des.c
#9 323.2 [crypto 31] CC hash/state.c
#9 323.3 [crypto 32] CC hash/hash.c
#9 323.3 [crypto 33] CC hash/hamdist.c
#9 323.3 [crypto 34] CC hash/crca.c
#9 323.3 [crypto 35] CC hash/fletcher.c
#9 323.3 [crypto 36] CC hash/entropy.c
#9 323.3 [crypto 37] CC hash/hcalc.c
#9 323.3 [crypto 38] CC hash/adler32.c
#9 323.3 LD libr_cons.so
#9 323.3 [crypto 39] CC hash/luhn.c
#9 323.4 [crypto 40] CC hash/ssdeep.c
#9 323.4 [crypto 41] CC hash/sip.c
#9 323.4 [crypto 42] CC hash/md4.c
#9 323.4 [crypto 43] CC hash/md5.c
#9 323.4 [crypto 44] CC hash/sha1.c
#9 323.4 [crypto 45] CC hash/sha2.c
#9 323.4 [crypto 46] CC hash/xxhash.c
#9 323.4 [crypto 47] CC signature/ed25519/fe.c
#9 323.4 [crypto 48] CC signature/ed25519/ge.c
#9 323.4 [crypto 49] CC signature/ed25519/sc.c
#9 323.5 LD libr_crypto.so
#9 323.6 DIR search
#9 323.6 DIR flag
#9 323.6 DIR esil
#9 323.6 DIR io
#9 323.6 [search 50] CC search.c
#9 323.6 [flag 50] CC flag.c
#9 323.6 [esil 1] CC esil.c
#9 323.6 [search 51] CC bytepat.c
#9 323.6 [flag 51] CC zones.c
#9 323.6 [esil 52] CC esil_plugin.c
#9 323.6 [search 52] CC strings.c
#9 323.6 [flag 52] CC tags.c
#9 323.6 [esil 53] CC esil_handler.c
#9 323.6 [search 53] CC aes_find.c
#9 323.7 [search 54] CC privkey.c
#9 323.7 [esil 54] CC esil_stats.c
#9 323.7 [search 55] CC regexp.c
#9 323.7 [esil 55] CC esil_trace.c
#9 323.7 [search 56] CC keyword.c
#9 323.7 [esil 56] CC esil_toc.c
#9 323.7 [search 57] CC uds.c
#9 323.7 [esil 57] CC esil_compiler.c
#9 323.7 [io 57] CC p/io_ar.c
#9 323.7 [search 58] CC karp.c
#9 323.8 [search 59] CC sm4_find.c
#9 323.8 [io 59] CC p/io_bfdbg.c
#9 323.8 [search 60] CC tire.c
#9 323.9 [io 61] CC p/io_bochs.c
#9 323.9 [esil 58] CC p/esil_dummy.c
#9 323.9 [esil 62] CC p/esil_forth.c
#9 323.9 [io 62] CC p/io_cyclic.c
#9 323.9 [io 63] CC p/io_debug.c
#9 323.9 [io 64] CC p/io_default.c
#9 323.9 [esil 63] CC p/esil_null.c
#9 323.9 [io 65] CC p/io_dsc.c
#9 324.0 [io 66] CC p/io_fd.c
#9 324.0 LD libr_flag.so
#9 324.0 [io 67] CC p/io_gdb.c
#9 324.0 [io 68] CC p/io_gprobe.c
#9 324.0 [io 69] CC p/io_gzip.c
#9 324.0 [io 70] CC p/io_http.c
#9 324.0 [io 71] CC p/io_ihex.c
#9 324.0 LD libr_search.so
#9 324.0 [io 72] CC p/io_isotp.c
#9 324.0 [io 73] CC p/io_mach.c
#9 324.1 [io 74] CC p/io_malloc.c
#9 324.1 [io 75] CC p/io_mmap.c
#9 324.1 [io 76] CC p/io_null.c
#9 324.1 [io 77] CC p/io_procpid.c
#9 324.1 [io 78] CC p/io_ptrace.c
#9 324.1 [io 79] CC p/io_qnx.c
#9 324.2 [io 80] CC p/io_r2k.c
#9 324.2 [io 81] CC p/io_r2k_linux.c
#9 324.2 [io 82] CC p/io_r2pipe.c
#9 324.2 [io 83] CC p/io_r2web.c
#9 324.2 [io 84] CC p/io_rap.c
#9 324.3 [io 85] CC p/io_rbuf.c
#9 324.3 [io 86] CC p/io_reg.c
#9 324.3 [io 87] CC p/io_self.c
#9 324.3 [io 88] CC p/io_serial.c
#9 324.3 [io 89] CC p/io_shm.c
#9 324.3 [io 90] CC p/io_socket.c
#9 324.3 [io 91] CC p/io_sparse.c
#9 324.3 [io 92] CC p/io_sysgdb.c
#9 324.3 [io 93] CC p/io_tcpslurp.c
#9 324.4 [io 94] CC p/io_treebuf.c
#9 324.4 [io 95] CC p/io_uf2.c
#9 324.4 [io 96] CC p/io_w32.c
#9 324.4 [io 97] CC p/io_w32dbg.c
#9 324.4 [io 98] CC p/io_winedbg.c
#9 324.4 [io 99] CC p/io_winkd.c
#9 324.5 [io 100] CC p/io_xalz.c
#9 324.5 LD libr_esil.so
#9 324.5 [io 101] CC p/io_xattr.c
#9 324.5 [io 102] CC p/io_zip.c
#9 324.5 [io 103] CC io.c
#9 324.5 [io 104] CC io_plugin.c
#9 324.5 [io 105] CC io_map.c
#9 324.5 [io 106] CC io_desc.c
#9 324.6 [io 107] CC io_cache.c
#9 324.6 [io 108] CC p_cache.c
#9 324.6 [io 109] CC io_stream.c
#9 324.6 [io 110] CC io_bank.c
#9 324.6 [io 111] CC io_submap.c
#9 324.6 [io 112] CC undo.c
#9 324.6 [io 113] CC ioutils.c
#9 324.6 [io 114] CC io_fd.c
#9 324.6 [io 115] CC io_memory.c
#9 324.8 LD libr_io.so
#9 325.0 DIR arch
#9 325.0 DIR fs
#9 325.0   SDB dospart
#9 325.1 [fs 116] CC p/fs_ext2.c
#9 325.1 [fs 117] CC p/fs_fat.c
#9 325.1 [fs 118] CC p/fs_fb.c
#9 325.1 [fs 119] CC p/fs_hfs.c
#9 325.1 [fs 120] CC p/fs_hfsplus.c
#9 325.1 [fs 121] CC p/fs_io.c
#9 325.1 [fs 122] CC p/fs_iso9660.c
#9 325.1 [fs 123] CC p/fs_jfs.c
#9 325.1 [fs 124] CC p/fs_minix.c
#9 325.1 [fs 125] CC p/fs_ntfs.c
#9 325.1 [fs 126] CC p/fs_posix.c
#9 325.2 [fs 127] CC p/fs_r2.c
#9 325.2 [fs 128] CC p/fs_reiserfs.c
#9 325.2 [fs 129] CC p/fs_sfs.c
#9 325.2 [fs 130] CC p/fs_squashfs.c
#9 325.2 [fs 131] CC p/fs_tar.c
#9 325.2 [fs 132] CC p/fs_udf.c
#9 325.2 [fs 133] CC p/fs_ufs.c
#9 325.3 [fs 134] CC p/fs_xfs.c
#9 325.3 [fs 135] CC p/fs_zip.c
#9 325.3 [fs 136] CC fs.c
#9 325.3 [fs 137] CC fs_file.c
#9 325.3 [fs 138] CC fs_shell.c
#9 325.4 LD libr_fs.so
#9 327.1 HEAD is now at f270a6c More c99 leftovers
#9 352.0 HEAD is now at 55d73c6 Remove c99 dependency
#9 352.0 gmake[5]: /count.sh: No such file or directory
#9 352.0 gmake[5]: /count.sh: No such file or directory
#9 352.0 [] CC arch-arm64/disassembler/decode.c
#9 352.0 [] CC arch-arm64/disassembler/decode0.c
#9 352.0 gmake[5]: /count.sh: No such file or directory
#9 352.0 gmake[5]: /count.sh: No such file or directory
#9 352.0 gmake[5]: /count.sh: No such file or directory
#9 352.0 [] CC arch-arm64/disassembler/decode1.c
#9 352.0 [] CC arch-arm64/disassembler/decode2.c
#9 352.0 [] CC arch-arm64/disassembler/decode_fields32.c
#9 352.0 gmake[5]: /count.sh: No such file or directory
#9 352.0 gmake[5]: /count.sh: No such file or directory
#9 352.0 gmake[5]: /count.sh: No such file or directory
#9 352.0 [] CC arch-arm64/disassembler/decode_scratchpad.c
#9 352.0 [] CC arch-arm64/disassembler/encodings_dec.c
#9 352.0 gmake[5]: /count.sh: No such file or directory
#9 352.0 [] CC arch-arm64/disassembler/encodings_fmt.c
#9 352.1 [] CC arch-arm64/disassembler/format.c
#9 352.1 gmake[5]: /count.sh: No such file or directory
#9 352.1 gmake[5]: /count.sh: No such file or directory
#9 352.1 [] CC arch-arm64/disassembler/gofer.c
#9 352.1 gmake[5]: /count.sh: No such file or directory
#9 352.1 [] CC arch-arm64/disassembler/operations.c
#9 352.1 gmake[5]: /count.sh: No such file or directory
#9 352.1 [] CC arch-arm64/disassembler/pcode.c
#9 352.1 gmake[5]: /count.sh: No such file or directory
#9 352.1 [] CC arch-arm64/disassembler/regs.c
#9 352.1 [] CC arch-arm64/disassembler/sysregs.c
#9 353.8 ar: creating arm64dis.a
#9 353.8 ar: creating armv7dis.a
#9 353.9 [arch 139] CC arch.c
#9 353.9 [arch 140] CC arch_config.c
#9 353.9 [arch 141] CC arch_switch.c
#9 353.9 [arch 142] CC arch_op.c
#9 353.9 [arch 143] CC arch_value.c
#9 353.9 [arch 144] CC arch_cond.c
#9 353.9 [arch 145] CC arch_session.c
#9 353.9 [arch 146] CC arch_platform.c
#9 354.0 [arch 147] CC p/6502/plugin.c
#9 354.0 [arch 148] CC p/6502_cs/plugin.c
#9 354.0 [arch 149] CC p/8051/plugin.c
#9 354.0 [arch 150] CC p/alpha/plugin.c
#9 354.0 [arch 151] CC p/alpha/alpha-dis.c
#9 354.0 [arch 152] CC p/alpha/alpha-opc.c
#9 354.0 [arch 153] CC p/amd29k/plugin.c
#9 354.0 [arch 154] CC p/any_as/plugin.c
#9 354.0 [arch 155] CC p/any_vasm/plugin.c
#9 354.0 [arch 156] CC p/arc/plugin.c
#9 354.0 [arch 157] CC p/arc/gnu/arc-dis.c
#9 354.0 [arch 158] CC p/arc/gnu/arc-ext.c
#9 354.1 [arch 159] CC p/arc/gnu/arc-opc.c
#9 354.1 [arch 160] CC p/arc/gnu/arcompact-dis.c
#9 354.1 [arch 161] CC p/arm/plugin.c
#9 354.1 [arch 162] CC p/arm/armass64.c
#9 354.1 [arch 163] CC p/arm/armass.c
#9 354.2 [arch 164] CC p/arm/plugin_cs.c
#9 354.2 [arch 165] CC p/arm/cs/arm.c
#9 354.2 [arch 166] CC p/arm/cs/arm64.c
#9 354.2 [arch 167] CC p/arm/plugin_gnu.c
#9 354.2 [arch 168] CC p/arm/gnu/arm-dis.c
#9 354.2 [arch 169] CC p/arm/winedbg/be_arm.c
#9 354.2 [arch 170] CC p/arm/aarch64/aarch64-dis.c
#9 354.3 [arch 171] CC p/arm/aarch64/aarch64-dis-2.c
#9 354.3 [arch 172] CC p/arm/aarch64/aarch64-opc.c
#9 354.3 [arch 173] CC p/arm/aarch64/aarch64-opc-2.c
#9 354.3 [arch 174] CC p/arm/plugin_v35.c
#9 354.3 [arch 175] CC /tmp/radare2/libr/arch/p/arm/v35//arch-arm64/disassembler/decode.c
#9 354.3 [arch 176] CC /tmp/radare2/libr/arch/p/arm/v35//arch-arm64/disassembler/decode0.c
#9 354.4 [arch 177] CC /tmp/radare2/libr/arch/p/arm/v35//arch-arm64/disassembler/decode1.c
#9 354.4 [arch 178] CC /tmp/radare2/libr/arch/p/arm/v35//arch-arm64/disassembler/decode_fields32.c
#9 354.5 [arch 179] CC /tmp/radare2/libr/arch/p/arm/v35//arch-arm64/disassembler/decode_scratchpad.c
#9 354.5 [arch 180] CC /tmp/radare2/libr/arch/p/arm/v35//arch-arm64/disassembler/encodings_dec.c
#9 354.5 [arch 181] CC /tmp/radare2/libr/arch/p/arm/v35//arch-arm64/disassembler/encodings_fmt.c
#9 354.5 [arch 182] CC /tmp/radare2/libr/arch/p/arm/v35//arch-arm64/disassembler/format.c
#9 354.6 [arch 183] CC /tmp/radare2/libr/arch/p/arm/v35//arch-arm64/disassembler/gofer.c
#9 354.6 [arch 184] CC /tmp/radare2/libr/arch/p/arm/v35//arch-arm64/disassembler/operations.c
#9 354.6 [arch 185] CC /tmp/radare2/libr/arch/p/arm/v35//arch-arm64/disassembler/pcode.c
#9 354.6 [arch 186] CC /tmp/radare2/libr/arch/p/arm/v35//arch-arm64/disassembler/regs.c
#9 354.6 [arch 187] CC /tmp/radare2/libr/arch/p/arm/v35//arch-arm64/disassembler/sysregs.c
#9 354.6 [arch 188] CC p/avr/plugin.c
#9 354.7 [arch 189] CC p/avr/avr_disasm.c
#9 354.7 [arch 190] CC p/avr/format.c
#9 354.7 [arch 191] CC p/avr/disasm.c
#9 354.7 [arch 192] CC p/avr/assemble.c
#9 354.7 [arch 193] CC p/bf/plugin.c
#9 354.7 [arch 194] CC p/bpf/plugin.c
#9 354.8 [arch 195] CC p/bpf_cs/plugin.c
#9 354.8 [arch 196] CC p/chip8/plugin.c
#9 354.8 [arch 197] CC p/cr16/plugin.c
#9 354.8 [arch 198] CC p/cr16/cr16_disas.c
#9 354.8 [arch 199] CC p/cris/plugin.c
#9 354.8 [arch 200] CC p/cris/gnu/cris-dis.c
#9 354.9 [arch 201] CC p/cris/gnu/cris-opc.c
#9 355.0 [arch 202] CC p/dalvik/plugin.c
#9 355.0 [arch 203] CC p/dis/plugin.c
#9 355.0 [arch 204] CC p/ebc/plugin.c
#9 355.0 [arch 205] CC p/ebc/ebc_disas.c
#9 355.0 [arch 206] CC p/evm/plugin.c
#9 355.0 [arch 207] CC p/fslsp/plugin.c
#9 355.0 [arch 208] CC p/gb/plugin.c
#9 355.1 [arch 209] CC p/h8300/plugin.c
#9 355.1 [arch 210] CC p/h8300/h8300_disas.c
#9 355.1 [arch 211] CC p/hppa/plugin_gnu.c
#9 355.1 [arch 212] CC p/hppa/gnu/hppa-dis.c
#9 355.1 [arch 213] CC p/i4004/plugin.c
#9 355.1 [arch 214] CC p/i8080/plugin.c
#9 355.1 [arch 215] CC p/i8080/i8080.c
#9 355.2 [arch 216] CC p/java/plugin.c
#9 355.2 [arch 217] CC p/jdh8/plugin.c
#9 355.2 [arch 218] CC p/kvx/plugin.c
#9 355.2 [arch 219] CC p/kvx/kvx-dis.c
#9 355.2 [arch 220] CC p/kvx/kvx-reg.c
#9 355.3 [arch 221] CC p/lanai/plugin.c
#9 355.3 [arch 222] CC p/lanai/gnu/lanai-dis.c
#9 355.3 [arch 223] CC p/lanai/gnu/lanai-opc.c
#9 355.3 [arch 224] CC p/lh5801/plugin.c
#9 355.4 [arch 225] CC p/lm32/plugin.c
#9 355.4 [arch 226] CC p/loongarch/plugin.c
#9 355.4 [arch 227] CC p/loongarch/loongarch-dis.c
#9 355.4 [arch 228] CC p/loongarch/loongarch-opc.c
#9 355.4 [arch 229] CC p/loongarch/loongarch-coder.c
#9 355.4 [arch 230] CC p/lua/plugin.c
#9 355.4 [arch 231] CC p/m680x_cs/plugin.c
#9 355.4 [arch 232] CC p/m68k_cs/plugin.c
#9 355.4 [arch 233] CC p/m68k_gnu/plugin.c
#9 355.5 [arch 234] CC p/m68k_gnu/m68k-dis.c
#9 355.5 [arch 235] CC p/m68k_gnu/m68k-opc.c
#9 355.5 [arch 236] CC p/arm/gnu/floatformat.c
#9 355.5 [arch 237] CC p/mcore/plugin.c
#9 355.5 [arch 238] CC p/mcore/mcore.c
#9 355.5 [arch 239] CC p/mcs96/plugin.c
#9 355.5 [arch 240] CC p/mips/plugin_cs.c
#9 355.6 [arch 241] CC p/mips/mipsasm.c
#9 355.6 [arch 242] CC p/mips_gnu/plugin.c
#9 355.6 [arch 243] CC p/mips_gnu/mips-dis.c
#9 355.6 [arch 244] CC p/mips_gnu/mips16-opc.c
#9 355.6 [arch 245] CC p/mips_gnu/micromips-opc.c
#9 355.6 [arch 246] CC p/mips_gnu/mips-opc.c
#9 355.7 [arch 247] CC p/msp430/plugin.c
#9 355.7 [arch 248] CC p/msp430/msp430_disas.c
#9 355.7 [arch 249] CC p/nds32/plugin.c
#9 355.7 [arch 250] CC p/nios2/plugin.c
#9 355.7 [arch 251] CC p/nios2/nios2-dis.c
#9 355.8 [arch 252] CC p/nios2/nios2-opc.c
#9 355.8 [arch 253] CC p/null/plugin.c
#9 355.8 [arch 254] CC p/or1k/plugin.c
#9 355.8 [arch 255] CC p/or1k/or1k_disas.c
#9 355.8 [arch 256] CC p/pdp11/plugin.c
#9 355.8 [arch 257] CC p/pdp11/pdp11-dis.c
#9 355.8 [arch 258] CC p/pdp11/pdp11-opc.c
#9 355.9 [arch 259] CC p/pic/plugin.c
#9 355.9 [arch 260] CC p/pic/pic_midrange.c
#9 355.9 [arch 261] CC p/pic/pic_baseline.c
#9 355.9 [arch 262] CC p/pic/pic_pic18.c
#9 355.9 [arch 263] CC p/pickle/plugin.c
#9 355.9 [arch 264] CC p/ppc_cs/plugin.c
#9 355.9 [arch 265] CC p/ppc/libvle/vle.c
#9 355.9 [arch 266] CC p/ppc/libps/libps.c
#9 356.0 [arch 267] CC p/ppc/plugin_gnu.c
#9 356.0 [arch 268] CC p/ppc/gnu/ppc-dis.c
#9 356.0 [arch 269] CC p/ppc/gnu/ppc-opc.c
#9 356.0 [arch 270] CC p/propeller/plugin.c
#9 356.1 [arch 271] CC p/propeller/propeller_disas.c
#9 356.1 [arch 272] CC p/pyc/plugin.c
#9 356.1 [arch 273] CC p/pyc/opcode_all.c
#9 356.1 [arch 274] CC p/pyc/opcode_anal.c
#9 356.1 [arch 275] CC p/pyc/opcode_arg_fmt.c
#9 356.1 [arch 276] CC p/pyc/opcode.c
#9 356.2 [arch 277] CC p/pyc/pyc_dis.c
#9 356.2 [arch 278] CC p/riscv/plugin.c
#9 356.2 [arch 279] CC p/riscv_cs/plugin.c
#9 356.2 [arch 280] CC p/rsp/plugin.c
#9 356.2 [arch 281] CC p/rsp/rsp_idec.c
#9 356.2 [arch 282] CC p/s390/plugin.c
#9 356.2 [arch 283] CC p/s390_gnu/plugin.c
#9 356.3 [arch 284] CC p/s390_gnu/s390-dis.c
#9 356.3 [arch 285] CC p/s390_gnu/s390-opc.c
#9 356.3 [arch 286] CC p/sh/plugin.c
#9 356.3 [arch 287] CC p/sh/gnu/sh-dis.c
#9 356.3 [arch 288] CC p/sh_cs/plugin.c
#9 356.4 [arch 289] CC p/sm5xx/plugin.c
#9 356.4 [arch 290] CC p/sm5xx/sm5xx.c
#9 356.4 [arch 291] CC p/snes/plugin.c
#9 356.4 [arch 292] CC p/sparc_cs/plugin.c
#9 356.4 [arch 293] CC p/sparc/plugin_gnu.c
#9 356.4 [arch 294] CC p/sparc/gnu/sparc-dis.c
#9 356.4 [arch 295] CC p/sparc/gnu/sparc-opc.c
#9 356.5 [arch 296] CC p/stm8/plugin.c
#9 356.5 [arch 297] CC p/stm8/pseudo.c
#9 356.5 [arch 298] CC p/tms320/plugin.c
#9 356.5 [arch 299] CC p/tms320/tms320_dasm.c
#9 356.5 [arch 300] CC p/tms320/c55x_plus/ins.c
#9 356.5 [arch 301] CC p/tms320/c55x_plus/c55plus.c
#9 356.5 [arch 302] CC p/tms320/c55x_plus/c55plus_decode.c
#9 356.6 [arch 303] CC p/tms320/c55x_plus/decode_funcs.c
#9 356.6 [arch 304] CC p/tms320/c55x_plus/utils.c
#9 356.6 [arch 305] CC p/tms320/c55x_plus/hashtable.c
#9 356.6 [arch 306] CC p/tms320/c55x_plus/hashvector.c
#9 356.6 [arch 307] CC p/tricore/tricore.c
#9 356.6 [arch 308] CC p/tricore/gnu/tricore-dis.c
#9 356.7 [arch 309] CC p/tricore/gnu/tricore-opc.c
#9 356.7 [arch 310] CC p/tricore/gnu/cpu-tricore.c
#9 356.7 [arch 311] CC p/tricore_cs/plugin.c
#9 356.7 [arch 312] CC p/uxn/plugin.c
#9 356.7 [arch 313] CC p/v810/plugin.c
#9 356.7 [arch 314] CC p/v810/v810_disas.c
#9 356.8 [arch 315] CC p/v850/plugin.c
#9 356.8 [arch 316] CC p/v850/v850dis.c
#9 356.8 [arch 317] CC p/v850/v850e0.c
#9 356.8 [arch 318] CC p/vax/vax.c
#9 356.8 [arch 319] CC p/vax/vax-dis.c
#9 356.8 [arch 320] CC p/wasm/plugin.c
#9 356.8 [arch 321] CC p/ws/plugin.c
#9 356.8 [arch 322] CC p/x86/plugin_cs.c
#9 356.8 [arch 323] CC p/x86_nasm/plugin.c
#9 356.8 [arch 324] CC p/x86_nz/plugin.c
#9 356.9 [arch 325] CC p/xap/plugin.c
#9 356.9 [arch 326] CC p/xcore_cs/plugin.c
#9 356.9 [arch 327] CC p/xtensa/plugin.c
#9 356.9 [arch 328] CC p/xtensa/gnu/xtensa-dis.c
#9 356.9 [arch 329] CC p/xtensa/gnu/xtensa-isa.c
#9 356.9 [arch 330] CC p/xtensa/gnu/xtensa-modules.c
#9 357.0 [arch 331] CC p/xtensa/gnu/elf32-xtensa.c
#9 357.0 [arch 332] CC p/z80/plugin.c
#9 357.4 LD libr_arch.so
#9 357.8 DIR asm
#9 357.8 DIR anal
#9 357.8 DIR magic
#9 357.8 [magic 333] CC apprentice.c
#9 357.8 SDB types.sdb
#9 357.8 SDB types-16.sdb
#9 357.8 SDB types-32.sdb
#9 357.8 SDB types-android.sdb
#9 357.8 SDB types-64.sdb
#9 357.8 SDB types-darwin.sdb
#9 357.8 [magic 334] CC ascmagic.c
#9 357.8 SDB types-linux.sdb
#9 357.8 SDB types-x86-macos-64.sdb
#9 357.8 SDB types-arm-ios-16.sdb
#9 357.8 SDB types-arm-ios-32.sdb
#9 357.8 [magic 335] CC fsmagic.c
#9 357.8 SDB types-arm-ios-64.sdb
#9 357.9 [magic 336] CC funcs.c
#9 357.9 SDB spec.sdb
#9 357.9 SDB cc-stm8-16.sdb
#9 357.9 SDB cc-x86-64.sdb
#9 357.9 [magic 337] CC is_tar.c
#9 357.9 SDB cc-x86-32.sdb
#9 357.9 SDB cc-x86-16.sdb
#9 357.9 SDB cc-mips-16.sdb
#9 357.9 SDB cc-mips-32.sdb
#9 357.9 [magic 338] CC magic.c
#9 357.9 SDB cc-mips-64.sdb
#9 357.9 SDB cc-m68k-32.sdb
#9 357.9 [magic 339] CC softmagic.c
#9 357.9 SDB cc-sparc-32.sdb
#9 357.9 SDB cc-arm-64.sdb
#9 357.9 [magic 340] CC mdump.c
#9 357.9 SDB cc-arm-32.sdb
#9 357.9 SDB cc-arm-16.sdb
#9 357.9 SDB cc-avr-8.sdb
#9 357.9 SDB cc-ppc-32.sdb
#9 357.9 SDB cc-ppc-64.sdb
#9 357.9 SDB cc-xtensa-32.sdb
#9 357.9 SDB cc-riscv-64.sdb
#9 357.9 SDB cc-hexagon-32.sdb
#9 357.9 SDB cc-v850-32.sdb
#9 357.9 SDB cc-s390-64.sdb
#9 357.9 SDB types-windows.sdb
#9 357.9 SDB types-x86-windows-32.sdb
#9 357.9 SDB types-x86-windows-64.sdb
#9 358.0 LD libr_magic.so
#9 358.1 [asm 341] CC /tmp/radare2/libr/arch/p/6502/pseudo.c
#9 358.1 [asm 342] CC /tmp/radare2/libr/arch/p/arm/pseudo.c
#9 358.1 [asm 343] CC /tmp/radare2/libr/arch/p/x86_nz/att2intel.c
#9 358.1 [asm 344] CC /tmp/radare2/libr/arch/p/avr/pseudo.c
#9 358.1 ar: creating arm64dis.a
#9 358.1 [asm 345] CC /tmp/radare2/libr/arch/p/bpf/pseudo.c
#9 358.1 [asm 346] CC /tmp/radare2/libr/arch/p/chip8/pseudo.c
#9 358.1 [asm 347] CC /tmp/radare2/libr/arch/p/dalvik/pseudo.c
#9 358.1 [asm 348] CC /tmp/radare2/libr/arch/p/evm/pseudo.c
#9 358.1 [asm 349] CC /tmp/radare2/libr/arch/p/gb/pseudo.c
#9 358.1 [asm 350] CC /tmp/radare2/libr/arch/p/m68k_cs/pseudo.c
#9 358.1 ar: creating armv7dis.a
#9 358.1 [asm 351] CC /tmp/radare2/libr/arch/p/mips/pseudo.c
#9 358.1 [asm 352] CC /tmp/radare2/libr/arch/p/null/pseudo.c
#9 358.1 [asm 353] CC /tmp/radare2/libr/arch/p/pickle/pseudo.c
#9 358.1 [asm 354] CC /tmp/radare2/libr/arch/p/ppc/pseudo.c
#9 358.2 [asm 355] CC /tmp/radare2/libr/arch/p/riscv/pseudo.c
#9 358.2 [asm 356] CC /tmp/radare2/libr/arch/p/sh/pseudo.c
#9 358.2 [asm 357] CC /tmp/radare2/libr/arch/p/tms320/pseudo.c
#9 358.2 [asm 358] CC /tmp/radare2/libr/arch/p/tricore/pseudo.c
#9 358.2 [asm 359] CC /tmp/radare2/libr/arch/p/v850/pseudo.c
#9 358.3 [anal 361] CC /tmp/radare2/libr/..//libr/anal/p/anal_a2f.c
#9 358.3 [anal 362] CC /tmp/radare2/libr/..//libr/anal/p/anal_null.c
#9 358.3 [asm 360] CC /tmp/radare2/libr/arch/p/wasm/pseudo.c
#9 358.3 [anal 363] CC meta.c
#9 358.3 [asm 364] CC /tmp/radare2/libr/arch/p/x86_nz/pseudo.c
#9 358.3 [asm 366] CC /tmp/radare2/libr/arch/p/z80/pseudo.c
#9 358.3 [anal 365] CC reflines.c
#9 358.4 [asm 367] CC asm.c
#9 358.4 [anal 367] CC op.c
#9 358.4 [anal 368] CC fcn.c
#9 358.4 [asm 368] CC acode.c
#9 358.4 [asm 369] CC aop.c
#9 358.4 [anal 370] CC bb.c
#9 358.4 [asm 370] CC agperf.c
#9 358.5 [anal 371] CC var.c
#9 358.5 [asm 372] CC filter.c
#9 358.5 [anal 373] CC block.c
#9 358.5 [asm 374] CC parse.c
#9 358.6 [anal 375] CC value.c
#9 358.6 [anal 376] CC class.c
#9 358.6 [anal 377] CC type.c
#9 358.6 [anal 378] CC type_pdb.c
#9 358.7 [anal 379] CC dwarf_process.c
#9 358.7 [anal 380] CC hint.c
#9 358.7 [anal 381] CC anal.c
#9 358.7 [anal 382] CC data.c
#9 358.7 [anal 383] CC xrefs.c
#9 358.7 [anal 384] CC sign.c
#9 358.7 [anal 385] CC btrace.c
#9 358.8 [anal 386] CC switch.c
#9 358.8 [anal 387] CC cycles.c
#9 358.8 [anal 388] CC esil_dfg.c
#9 358.8 [anal 389] CC esil_cfg.c
#9 358.9 [anal 390] CC cond.c
#9 358.9 LD libr_asm.so
#9 358.9 [anal 391] CC flirt.c
#9 358.9 [anal 392] CC labels.c
#9 358.9 [anal 393] CC cparse.c
#9 359.0 [anal 394] CC tid.c
#9 359.0 [anal 395] CC diff.c
#9 359.0 [anal 396] CC cc.c
#9 359.0 [anal 397] CC pin.c
#9 359.0 [anal 398] CC vtable.c
#9 359.0 [anal 399] CC rtti.c
#9 359.1 [anal 400] CC codemeta.c
#9 359.1 [anal 401] CC anplugs.c
#9 359.1 [anal 402] CC global.c
#9 359.1 [anal 403] CC rtti_msvc.c
#9 359.1 [anal 404] CC rtti_itanium.c
#9 359.1 [anal 405] CC jmptbl.c
#9 359.2 [anal 406] CC function.c
#9 359.5 LD libr_anal.so
#9 359.6 DIR lang
#9 359.6 DIR egg
#9 359.6 DIR bin
#9 359.6 [lang 407] CC lang.c
#9 359.6 [egg 407] CC egg.c
#9 359.6 [lang 408] CC /tmp/radare2/libr/../shlr/qjs/src/quickjs.c
#9 359.6 [egg 408] CC egg_lang.c
#9 359.6 [lang 409] CC /tmp/radare2/libr/../shlr/qjs/src/cutils.c
#9 359.6 [egg 409] CC emit_x86.c
#9 359.6 [lang 410] CC /tmp/radare2/libr/../shlr/qjs/src/libregexp.c
#9 359.6 [egg 410] CC emit_arm.c
#9 359.6 [lang 411] CC /tmp/radare2/libr/../shlr/qjs/src/libunicode.c
#9 359.6 [egg 411] CC emit_a64.c
#9 359.6 [lang 412] CC /tmp/radare2/libr/../shlr/qjs/src/libbf.c
#9 359.6 [egg 412] CC emit_x64.c
#9 359.7 [egg 413] CC emit_esil.c
#9 359.7 [egg 414] CC emit_trace.c
#9 359.7 [egg 415] CC egg_cfile.c
#9 359.7 [egg 416] CC p/egg_exec.c
#9 359.7 [egg 417] CC p/egg_xor.c
#9 359.8 [bin 418] CC bin.c
#9 359.8 [bin 419] CC dbginfo.c
#9 359.8 [bin 420] CC bin_ldr.c
#9 359.8 [bin 421] CC bin_write.c
#9 359.9 [bin 422] CC demangle.c
#9 359.9 [bin 423] CC dwarf.c
#9 360.0 [bin 424] CC bfilter.c
#9 360.0 [bin 425] CC bfile.c
#9 360.0 [bin 426] CC bobj.c
#9 360.0 [bin 427] CC blang.c
#9 360.0 [bin 428] CC mangling/cxx/cp-demangle.c
#9 360.0 [bin 429] CC /tmp/radare2/libr/..//libr/bin/p/bin_any.c
#9 360.0 [bin 430] CC /tmp/radare2/libr/..//libr/bin/p/bin_art.c
#9 360.0 [bin 431] CC /tmp/radare2/libr/..//libr/bin/p/bin_avr.c
#9 360.0 LD libr_egg.so
#9 360.0 [bin 432] CC /tmp/radare2/libr/..//libr/bin/p/bin_bf.c
#9 360.1 [bin 433] CC /tmp/radare2/libr/..//libr/bin/p/bin_bflt.c
#9 360.1 [bin 434] CC /tmp/radare2/libr/..//libr/bin/p/../format/bflt/bflt.c
#9 360.1 [bin 435] CC /tmp/radare2/libr/..//libr/bin/p/bin_bios.c
#9 360.1 [bin 436] CC /tmp/radare2/libr/..//libr/bin/p/bin_bootimg.c
#9 360.1 [bin 437] CC /tmp/radare2/libr/..//libr/bin/p/bin_cgc.c
#9 360.2 [bin 438] CC /tmp/radare2/libr/..//libr/bin/p/bin_coff.c
#9 360.2 [bin 439] CC /tmp/radare2/libr/..//libr/bin/p/../format/coff/coff.c
#9 360.2 [bin 440] CC /tmp/radare2/libr/..//libr/bin/p/bin_dex.c
#9 360.3 [bin 441] CC /tmp/radare2/libr/..//libr/bin/p/bin_dbginfo_dex.c
#9 360.3 [bin 442] CC /tmp/radare2/libr/..//libr/bin/p/../format/dex/dex.c
#9 360.3 [bin 443] CC /tmp/radare2/libr/..//libr/bin/p/bin_dis.c
#9 360.3 [bin 444] CC /tmp/radare2/libr/..//libr/bin/p/bin_dmp64.c
#9 360.3 [bin 445] CC /tmp/radare2/libr/..//libr/bin/p/../format/dmp/dmp64.c
#9 360.3 [bin 446] CC /tmp/radare2/libr/..//libr/bin/p/bin_dol.c
#9 360.3 [bin 447] CC /tmp/radare2/libr/..//libr/bin/p/bin_dyldcache.c
#9 360.4 [bin 448] CC /tmp/radare2/libr/..//libr/bin/p/bin_elf.c
#9 360.4 [bin 449] CC /tmp/radare2/libr/..//libr/bin/p/bin_dbginfo_elf.c
#9 360.4 [bin 450] CC /tmp/radare2/libr/..//libr/bin/p/bin_write_elf.c
#9 360.4 [bin 451] CC /tmp/radare2/libr/..//libr/bin/p/../format/elf/elf.c
#9 360.4 [bin 452] CC /tmp/radare2/libr/..//libr/bin/p/../format/elf/elf_write.c
#9 360.5 [bin 453] CC /tmp/radare2/libr/..//libr/bin/p/bin_elf64.c
#9 360.5 [bin 454] CC /tmp/radare2/libr/..//libr/bin/p/bin_dbginfo_elf64.c
#9 360.5 [bin 455] CC /tmp/radare2/libr/..//libr/bin/p/bin_write_elf64.c
#9 360.5 [bin 456] CC /tmp/radare2/libr/..//libr/bin/p/../format/elf/elf64.c
#9 360.5 [bin 457] CC /tmp/radare2/libr/..//libr/bin/p/../format/elf/elf64_write.c
#9 360.5 [bin 458] CC /tmp/radare2/libr/..//libr/bin/p/bin_fs.c
#9 360.5 [bin 459] CC /tmp/radare2/libr/..//libr/bin/p/bin_hunk.c
#9 360.5 [bin 460] CC /tmp/radare2/libr/..//libr/bin/p/bin_io.c
#9 360.6 [bin 461] CC /tmp/radare2/libr/..//libr/bin/p/bin_java.c
#9 360.6 [bin 462] CC /tmp/radare2/libr/..//libr/bin/p/bin_le.c
#9 360.6 [bin 463] CC /tmp/radare2/libr/..//libr/bin/p/../format/le/le.c
#9 360.6 [bin 464] CC /tmp/radare2/libr/..//libr/bin/p/bin_lua.c
#9 360.6 [bin 465] CC /tmp/radare2/libr/..//libr/bin/p/../format/lua/lua.c
#9 360.7 [bin 466] CC /tmp/radare2/libr/..//libr/bin/p/bin_mach0.c
#9 360.7 [bin 467] CC /tmp/radare2/libr/..//libr/bin/p/../format/mach0/mach0.c
#9 360.7 [bin 468] CC /tmp/radare2/libr/..//libr/bin/p/../format/objc/mach0_classes.c
#9 360.7 [bin 469] CC /tmp/radare2/libr/..//libr/bin/p/../format/objc/mach064_classes.c
#9 360.7 [bin 470] CC /tmp/radare2/libr/..//libr/bin/p/bin_write_mach0.c
#9 360.8 [bin 471] CC /tmp/radare2/libr/..//libr/bin/p/bin_mach064.c
#9 360.8 [bin 472] CC /tmp/radare2/libr/..//libr/bin/p/bin_write_mach064.c
#9 360.8 [bin 473] CC /tmp/radare2/libr/..//libr/bin/p/../format/mach0/mach064.c
#9 360.8 [bin 474] CC /tmp/radare2/libr/..//libr/bin/p/bin_mbn.c
#9 360.8 [bin 475] CC /tmp/radare2/libr/..//libr/bin/p/bin_mdmp.c
#9 360.8 [bin 476] CC /tmp/radare2/libr/..//libr/bin/p/../format/mdmp/mdmp.c
#9 360.9 [bin 477] CC /tmp/radare2/libr/..//libr/bin/p/../format/mdmp/mdmp_pe.c
#9 360.9 [bin 478] CC /tmp/radare2/libr/..//libr/bin/p/../format/mdmp/mdmp_pe64.c
#9 360.9 [bin 479] CC /tmp/radare2/libr/..//libr/bin/p/bin_menuet.c
#9 360.9 [bin 480] CC /tmp/radare2/libr/..//libr/bin/p/bin_msx.c
#9 360.9 [bin 481] CC /tmp/radare2/libr/..//libr/bin/p/bin_mz.c
#9 361.0 [bin 482] CC /tmp/radare2/libr/..//libr/bin/p/../format/mz/mz.c
#9 361.0 [bin 483] CC /tmp/radare2/libr/..//libr/bin/p/bin_ne.c
#9 361.0 [bin 484] CC /tmp/radare2/libr/..//libr/bin/p/../format/ne/ne.c
#9 361.1 [bin 485] CC /tmp/radare2/libr/..//libr/bin/p/bin_nes.c
#9 361.1 [bin 486] CC /tmp/radare2/libr/..//libr/bin/p/bin_nin3ds.c
#9 361.1 [bin 487] CC /tmp/radare2/libr/..//libr/bin/p/bin_ninds.c
#9 361.1 [bin 488] CC /tmp/radare2/libr/..//libr/bin/p/bin_ningb.c
#9 361.2 [bin 489] CC /tmp/radare2/libr/..//libr/bin/p/bin_ningba.c
#9 361.2 [bin 490] CC /tmp/radare2/libr/..//libr/bin/p/bin_nro.c
#9 361.2 [bin 491] CC /tmp/radare2/libr/..//libr/bin/p/bin_nso.c
#9 361.2 [bin 492] CC /tmp/radare2/libr/..//libr/bin/p/../format/nxo/nxo.c
#9 361.2 [bin 493] CC /tmp/radare2/libr/..//libr/bin/p/bin_off.c
#9 361.2 [bin 494] CC /tmp/radare2/libr/..//libr/bin/p/bin_omf.c
#9 361.2 [bin 495] CC /tmp/radare2/libr/..//libr/bin/p/../format/omf/omf.c
#9 361.2 [bin 496] CC /tmp/radare2/libr/..//libr/bin/p/bin_p9.c
#9 361.3 [bin 497] CC /tmp/radare2/libr/..//libr/bin/p/bin_dbginfo_p9.c
#9 361.3 [bin 498] CC /tmp/radare2/libr/..//libr/bin/p/../format/p9/p9bin.c
#9 361.3 [bin 499] CC /tmp/radare2/libr/..//libr/bin/p/bin_pcap.c
#9 361.3 [bin 500] CC /tmp/radare2/libr/..//libr/bin/p/../format/pcap/pcap.c
#9 361.3 [bin 501] CC /tmp/radare2/libr/..//libr/bin/p/bin_pdp11.c
#9 361.3 [bin 502] CC /tmp/radare2/libr/..//libr/bin/p/bin_pe.c
#9 361.4 [bin 503] CC /tmp/radare2/libr/..//libr/bin/p/bin_write_pe.c
#9 361.4 [bin 504] CC /tmp/radare2/libr/..//libr/bin/p/../format/pe/pe.c
#9 361.4 [bin 505] CC /tmp/radare2/libr/..//libr/bin/p/../format/pe/pe_write.c
#9 361.4 [bin 506] CC /tmp/radare2/libr/..//libr/bin/p/bin_pe64.c
#9 361.5 [bin 507] CC /tmp/radare2/libr/..//libr/bin/p/bin_write_pe64.c
#9 361.5 [bin 508] CC /tmp/radare2/libr/..//libr/bin/p/../format/pe/pe64.c
#9 361.5 [bin 509] CC /tmp/radare2/libr/..//libr/bin/p/../format/pe/pe64_write.c
#9 361.5 [bin 510] CC /tmp/radare2/libr/..//libr/bin/p/bin_pebble.c
#9 361.5 [bin 511] CC /tmp/radare2/libr/..//libr/bin/p/bin_prg.c
#9 361.5 [bin 512] CC /tmp/radare2/libr/..//libr/bin/p/bin_psxexe.c
#9 361.5 [bin 513] CC /tmp/radare2/libr/..//libr/bin/p/bin_pyc.c
#9 361.5 [bin 514] CC /tmp/radare2/libr/..//libr/bin/p/../format/pyc/marshal.c
#9 361.5 [bin 515] CC /tmp/radare2/libr/..//libr/bin/p/../format/pyc/pyc_magic.c
#9 361.6 [bin 516] CC /tmp/radare2/libr/..//libr/bin/p/../format/pyc/pyc.c
#9 361.6 [bin 517] CC /tmp/radare2/libr/..//libr/bin/p/bin_qnx.c
#9 361.6 [bin 518] CC /tmp/radare2/libr/..//libr/bin/p/bin_rel.c
#9 361.6 [bin 519] CC /tmp/radare2/libr/..//libr/bin/p/bin_s390.c
#9 361.6 [bin 520] CC /tmp/radare2/libr/..//libr/bin/p/bin_sfc.c
#9 361.6 [bin 521] CC /tmp/radare2/libr/..//libr/bin/p/bin_smd.c
#9 361.7 [bin 522] CC /tmp/radare2/libr/..//libr/bin/p/bin_sms.c
#9 361.7 [bin 523] CC /tmp/radare2/libr/..//libr/bin/p/bin_symbols.c
#9 361.7 [bin 524] CC /tmp/radare2/libr/..//libr/bin/p/../format/mach0/coresymbolication.c
#9 361.7 [bin 525] CC /tmp/radare2/libr/..//libr/bin/p/bin_te.c
#9 361.7 [bin 526] CC /tmp/radare2/libr/..//libr/bin/p/../format/te/te.c
#9 361.7 [bin 527] CC /tmp/radare2/libr/..//libr/bin/p/bin_tic.c
#9 361.7 [bin 528] CC /tmp/radare2/libr/..//libr/bin/p/bin_uf2.c
#9 361.8 [bin 529] CC /tmp/radare2/libr/..//libr/bin/p/bin_vsf.c
#9 361.8 [bin 530] CC /tmp/radare2/libr/..//libr/bin/p/bin_wad.c
#9 361.8 [bin 531] CC /tmp/radare2/libr/..//libr/bin/p/bin_wasm.c
#9 361.8 [bin 532] CC /tmp/radare2/libr/..//libr/bin/p/../format/wasm/wasm.c
#9 361.8 [bin 533] CC /tmp/radare2/libr/..//libr/bin/p/bin_xbe.c
#9 361.9 [bin 534] CC /tmp/radare2/libr/..//libr/bin/p/bin_xcoff64.c
#9 361.9 [bin 535] CC /tmp/radare2/libr/..//libr/bin/p/../format/coff/xcoff64.c
#9 361.9 [bin 536] CC /tmp/radare2/libr/..//libr/bin/p/bin_xnu_kernelcache.c
#9 361.9 [bin 537] CC /tmp/radare2/libr/..//libr/bin/p/../format/xnu/r_cf_dict.c
#9 361.9 [bin 538] CC /tmp/radare2/libr/..//libr/bin/p/bin_xtac.c
#9 361.9 [bin 539] CC /tmp/radare2/libr/..//libr/bin/p/bin_z64.c
#9 362.0 [bin 540] CC /tmp/radare2/libr/..//libr/bin/p/bin_zimg.c
#9 362.0 [bin 541] CC /tmp/radare2/libr/..//libr/bin/p/../format/zimg/zimg.c
#9 362.0 [bin 542] CC /tmp/radare2/libr/..//libr/bin/p/bin_xtr_dyldcache.c
#9 362.0 [bin 543] CC /tmp/radare2/libr/..//libr/bin/p/../format/mach0/dyldcache.c
#9 362.0 [bin 544] CC /tmp/radare2/libr/..//libr/bin/p/bin_xtr_fatmach0.c
#9 362.0 [bin 545] CC /tmp/radare2/libr/..//libr/bin/p/../format/mach0/fatmach0.c
#9 362.0 [bin 546] CC /tmp/radare2/libr/..//libr/bin/p/bin_xtr_pemixed.c
#9 362.1 [bin 547] CC /tmp/radare2/libr/..//libr/bin/p/../format/pe/pemixed.c
#9 362.1 [bin 548] CC /tmp/radare2/libr/..//libr/bin/p/bin_xtr_sep64.c
#9 362.1 [bin 549] CC /tmp/radare2/libr/..//libr/bin/p/bin_xtr_xalz.c
#9 362.1 [bin 550] CC /tmp/radare2/libr/..//libr/bin/p/bin_ldr_linux.c
#9 362.1 [bin 551] CC mangling/demangler.c
#9 362.1 [bin 552] CC mangling/microsoft.c
#9 362.2 [bin 553] CC mangling/objc.c
#9 362.2 [bin 554] CC mangling/cxx.c
#9 362.2 [bin 555] CC mangling/msvc.c
#9 362.2 [bin 556] CC mangling/swift.c
#9 362.2 [bin 557] CC mangling/swift-sd.c
#9 362.2 [bin 558] CC mangling/java.c
#9 362.2 [bin 559] CC mangling/pascal.c
#9 362.3 [bin 560] CC mangling/rust.c
#9 362.3 [bin 561] CC format/pdb/pdb_downloader.c
#9 362.3 [bin 562] CC format/pdb/omap.c
#9 362.3 [bin 563] CC format/pdb/stream_pe.c
#9 362.3 [bin 564] CC format/pdb/gdata.c
#9 362.3 [bin 565] CC format/pdb/fpo.c
#9 362.3 [bin 566] CC format/pdb/dbi.c
#9 362.3 [bin 567] CC format/pdb/tpi.c
#9 362.4 [bin 568] CC format/pdb/stream_file.c
#9 362.4 [bin 569] CC format/pdb/pdb.c
#9 362.6 LD libr_bin.so
#9 365.5 LD libr_lang.so
#9 365.6 DIR debug
#9 365.6 [debug 570] CC dsignal.c
#9 365.6 [debug 571] CC dmap.c
#9 365.6 [debug 572] CC trace.c
#9 365.6 [debug 573] CC arg.c
#9 365.6 [debug 574] CC debug.c
#9 365.6 [debug 575] CC plugin.c
#9 365.6 [debug 576] CC snap.c
#9 365.6 [debug 577] CC dsession.c
#9 365.7 [debug 578] CC pid.c
#9 365.7 [debug 579] CC dreg.c
#9 365.7 [debug 580] CC ddesc.c
#9 365.7 [debug 581] CC desil.c
#9 365.7 [debug 582] CC p/debug_bf.c
#9 365.7 [debug 583] CC p/debug_bochs.c
#9 365.7 [debug 584] CC p/debug_esil.c
#9 365.7 [debug 585] CC p/debug_evm.c
#9 365.7 [debug 586] CC p/debug_gdb.c
#9 365.7 [debug 587] CC p/debug_io.c
#9 365.7 [debug 588] CC p/debug_native.c
#9 365.7 [debug 589] CC p/debug_null.c
#9 365.9 [debug 590] CC p/debug_qnx.c
#9 365.9 [debug 591] CC p/debug_rap.c
#9 366.0 [debug 592] CC p/debug_rv32ima.c
#9 366.0 [debug 593] CC p/debug_winkd.c
#9 366.0 [debug 594] CC p/native/linux/linux_debug.c
#9 366.0 [debug 595] CC p/native/procfs.c
#9 366.0 [debug 596] CC p/native/linux/linux_coredump.c
#9 366.4 LD libr_debug.so
#9 366.7 DIR core
#9 366.7 [core 597] CC core.c
#9 366.7 [core 598] CC cmd.c
#9 366.8 [core 599] CC cfile.c
#9 366.8 [core 600] CC cconfig.c
#9 366.8 [core 601] CC visual.c
#9 366.8 [core 602] CC cio.c
#9 366.8 [core 603] CC yank.c
#9 366.8 [core 604] CC libs.c
#9 366.8 [core 605] CC agraph.c
#9 366.8 [core 606] CC fortune.c
#9 366.8 [core 607] CC hack.c
#9 366.8 [core 608] CC vasm.c
#9 366.8 [core 609] CC patch.c
#9 366.8 [core 610] CC cbin.c
#9 366.8 [core 611] CC corelog.c
#9 366.9 [core 612] CC rtr.c
#9 366.9 [core 613] CC cmd_api.c
#9 366.9 [core 614] CC carg.c
#9 366.9 [core 615] CC canal.c
#9 366.9 [core 616] CC project.c
#9 367.1 [core 617] CC gdiff.c
#9 367.1 [core 618] CC casm.c
#9 367.2 [core 619] CC disasm.c
#9 367.2 [core 620] CC cplugin.c
#9 367.2 [core 621] CC cmd_print_list.c
#9 367.2 [core 622] CC vmenus.c
#9 367.2 [core 623] CC vmenus_graph.c
#9 367.3 [core 624] CC vmenus_zigns.c
#9 367.3 [core 625] CC zdiff.c
#9 367.3 [core 626] CC citem.c
#9 367.4 [core 627] CC vslides.c
#9 367.5 [core 628] CC task.c
#9 367.7 [core 629] CC panels.c
#9 367.7 [core 630] CC pseudo.c
#9 367.7 [core 631] CC vmarks.c
#9 367.8 [core 632] CC anal_tp.c
#9 367.8 [core 633] CC anal_objc.c
#9 367.8 [core 634] CC blaze.c
#9 367.8 [core 635] CC cundo.c
#9 367.8 [core 636] CC cproject.c
#9 367.9 [core 637] CC /tmp/radare2/libr/..//libr/core/p/core_a2f.c
#9 367.9 [core 638] CC /tmp/radare2/libr/..//libr/core/p/core_agD.c
#9 367.9 [core 639] CC /tmp/radare2/libr/..//libr/core/p/core_java.c
#9 368.0 [core 640] CC /tmp/radare2/libr/..//libr/core/p/core_prj.c
#9 368.0 [core 641] CC /tmp/radare2/libr/..//libr/core/p/core_sixref.c
#9 370.8 LD libr_core.so
#9 370.9 DIR main
#9 370.9 [main 642] CC main.c
#9 370.9 [main 643] CC ravc2.c
#9 370.9 [main 644] CC rax2.c
#9 370.9 [main 645] CC r2pm.c
#9 370.9 [main 646] CC rasm2.c
#9 370.9 [main 647] CC ragg2.c
#9 370.9 [main 648] CC rarun2.c
#9 371.0 [main 649] CC rabin2.c
#9 371.0 [main 650] CC rasign2.c
#9 371.0 [main 651] CC rafind2.c
#9 371.0 [main 652] CC r2agent.c
#9 371.0 [main 653] CC radiff2.c
#9 371.0 [main 654] CC radare2.c
#9 371.0 [main 655] CC rahash2.c
#9 371.3 LD libr_main.so
#9 371.4 [r2r 656] CC load.c
#9 371.4 [r2r 657] CC run.c
#9 371.4 [r2r 658] CC r2r.c
#9 371.5 LD r2r
#9 371.6 [r2pm 659] CC r2pm.c
#9 371.7 LD r2pm
#9 371.8 [ravc2 660] CC ravc2.c
#9 371.8 LD ravc2
#9 371.9 [rax2 661] CC rax2.c
#9 372.0 LD rax2
#9 372.0 [rasm2 662] CC rasm2.c
#9 372.1 LD rasm2
#9 372.2 [rabin2 663] CC rabin2.c
#9 372.2 LD rabin2
#9 372.3 [rahash2 664] CC rahash2.c
#9 372.4 LD rahash2
#9 372.5 [radiff2 665] CC radiff2.c
#9 372.5 LD radiff2
#9 372.7 [radare2 666] CC radare2.c
#9 372.8 LD radare2
#9 372.9 [rafind2 667] CC rafind2.c
#9 372.9 LD rafind2
#9 373.0 [rarun2 668] CC rarun2.c
#9 373.1 LD rarun2
#9 373.2 [ragg2 669] CC ragg2.c
#9 373.2 LD ragg2
#9 373.4 [r2agent 670] CC r2agent.c
#9 373.4 LD r2agent
#9 373.5 [rasign2 671] CC rasign2.c
#9 373.5 LD rasign2
#9 373.6 mkdir -p "/usr/local/share/man/man1"
#9 373.6 mkdir -p "/usr/local/share/man/man7"
#9 373.6 for FILE in r2agent.1 r2pm.1 r2r.1 rabin2.1 radare2.1 radiff2.1 rafind2.1 ragg2.1 rahash2.1 rarun2.1 rasign2.1
 rasm2.1 ravc2.1 rax2.1 ; do \
#9 373.6 	ln -fs "/tmp/radare2/man/$FILE" "/usr/local/share/man/man1/$FILE" ; done
#9 373.6 cd "/usr/local/share/man/man1" && ln -fs radare2.1 r2.1
#9 373.6 for FILE in esil.7 ; do \
#9 373.6 	ln -fs "/tmp/radare2/man/$FILE" "/usr/local/share/man/man7/$FILE" ; done
#9 373.6 mkdir -p "/usr/local/share/doc/radare2"
#9 373.6 /usr/bin/install -d "/usr/local/share/doc/radare2"
#9 373.6 for FILE in 3D abi.md all68k.r2 android.md avr.md bash_autocompletion.sh brainfuck.md calling-conventions.md c
apstone.md cross-compile.md debug-internals.md debug.md devdebug.md dexdump.sh dospart dwarf-line.rsc emscripten.md esi
l.md flirt.md fortunes.fun fortunes.tips freebsd.md gdb.md gprobe.md haiku.md hud ida.md images indent-example.c intro.
md io-fixing.md io.md iocache ios.md iphone.md kvast.md lang-plugins license.md licenses macos.md macros.md maemo.md ob
jc.pl openbsd.md pdb plugins.md portscan.r2 qnx.md r2ascii.txt r2pipe.html r2pipe2.md rap.md rapatch.md releases.md rep
o rgraph.md sandbox sdb_ordinal.md siol.md slides slides.r2s snap.md solaris.md static.md strings.md termux.md uncrusti
fy.cfg vim vim2r2.js vlang-example.v windbg.md windows.md yara.md zsh ; do \
#9 373.6 	ln -fs "/tmp/radare2/doc/$FILE" "/usr/local/share/doc/radare2" ; done
#9 373.7 mkdir -p "/usr/local/lib/pkgconfig"
#9 373.7 for FILE in r_anal.pc r_arch.pc r_asm.pc r_bin.pc r_bp.pc r_config.pc r_cons.pc r_core.pc r_crypto.pc r_debug.
pc r_egg.pc r_esil.pc r_flag.pc r_fs.pc r_io.pc r_lang.pc r_magic.pc r_reg.pc r_search.pc r_socket.pc r_syscall.pc r_ut
il.pc ; do \
#9 373.7 	ln -fs "/tmp/radare2/pkgcfg/$FILE" "/usr/local/lib/pkgconfig/$FILE" ; done
#9 373.7 rm -rf "/usr/local/share/radare2/5.9.8/www"
#9 373.7 rm -rf "/usr/local/lib/radare2/5.9.8/www" # old dir
#9 373.7 mkdir -p "/usr/local/share/radare2/5.9.8/www"
#9 373.7 for FILE in bolt console.html d3 f favicon.ico icon.png index.html index.old.html log.html m old r2.svg rlogo.
png t upload.html ; do \
#9 373.7 	ln -fs "/tmp/radare2/shlr/www/$FILE" "/usr/local/share/radare2/5.9.8/www" ; done
#9 373.7 for DIR in libr/cons/d libr/flag/d libr/bin/d libr/asm/d libr/syscall/d libr/magic/d libr/anal/d libr/util/d l
ibr/arch/d ; do (\
#9 373.7 	cd "$DIR" ; \
#9 373.7 	echo "$DIR" ; \
#9 373.7 	gmake install-symlink ); \
#9 373.7 done
#9 373.7 libr/cons/d
#9 373.7 gmake[1]: Entering directory '/tmp/radare2/libr/cons/d'
#9 373.7 mkdir -p "/usr/local/share/radare2/5.9.8/cons"
#9 373.7 for FILE in * ; do \
#9 373.7 	if [ $FILE != Makefile -a $FILE != meson.build -a -f $FILE ]; then \
#9 373.7 		ln -fs "/tmp/radare2/libr/cons/d/$FILE" "/usr/local/share/radare2/5.9.8/cons/$FILE" ; \
#9 373.7 	fi ; \
#9 373.7 done
#9 373.8 gmake[1]: Leaving directory '/tmp/radare2/libr/cons/d'
#9 373.8 libr/flag/d
#9 373.8 gmake[1]: Entering directory '/tmp/radare2/libr/flag/d'
#9 373.8 mkdir -p "/usr/local/share/radare2/5.9.8/flag"
#9 373.8 ln -fs /tmp/radare2/libr/flag/d/tags.r2 /usr/local/share/radare2/5.9.8/flag/tags.r2
#9 373.8 gmake[1]: Leaving directory '/tmp/radare2/libr/flag/d'
#9 373.8 libr/bin/d
#9 373.8 gmake[1]: Entering directory '/tmp/radare2/libr/bin/d'
#9 373.8 mkdir -p "/usr/local/share/radare2/5.9.8/format"
#9 373.8 for FILE in * ; do \
#9 373.8 	if [ "$FILE" != Makefile ]; then \
#9 373.8 		[ ! -d "/usr/local/share/radare2/5.9.8/format/$FILE" ] && ln -fs "/tmp/radare2/libr/bin/d/$FILE" "/usr/local
/share/radare2/5.9.8/format/$FILE" ; \
#9 373.8 	fi ; \
#9 373.8 done
#9 373.8 gmake[1]: Leaving directory '/tmp/radare2/libr/bin/d'
#9 373.8 libr/asm/d
#9 373.8 gmake[1]: Entering directory '/tmp/radare2/libr/asm/d'
#9 373.8 mkdir -p "/usr/local/share/radare2/5.9.8/opcodes"
#9 373.8 for FILE in *.sdb ; do ln -fs "/tmp/radare2/libr/asm/d/$FILE" "/usr/local/share/radare2/5.9.8/opcodes/$FILE" ;
 done
#9 373.8 gmake[1]: Leaving directory '/tmp/radare2/libr/asm/d'
#9 373.8 libr/syscall/d
#9 373.8 gmake[1]: Entering directory '/tmp/radare2/libr/syscall/d'
#9 373.8 mkdir -p "/usr/local/share/radare2/5.9.8/syscall"
#9 373.8 for FILE in *.sdb ; do ln -fs "/tmp/radare2/libr/syscall/d/$FILE" "/usr/local/share/radare2/5.9.8/syscall/$FIL
E" ; done
#9 373.9 gmake[1]: Leaving directory '/tmp/radare2/libr/syscall/d'
#9 373.9 libr/magic/d
#9 373.9 gmake[1]: Entering directory '/tmp/radare2/libr/magic/d'
#9 373.9 mkdir -p "/usr/local/share/radare2/5.9.8/magic"
#9 373.9 for FILE in apple archive cafebabe code compressed crc database dis elf encoding filesystems firmware flash fl
utter freebsd gimp gpg html images java jpeg linux mach microsoft mime netbsd network openbsd pdf perl python riff snif
fer sql ssh uuencode video vim vorbis zfs ; do \
#9 373.9 	ln -fs "/tmp/radare2/libr/magic/d/default/$FILE" "/usr/local/share/radare2/5.9.8/magic/$FILE" ; \
#9 373.9 done
#9 373.9 gmake[1]: Leaving directory '/tmp/radare2/libr/magic/d'
#9 373.9 libr/anal/d
#9 373.9 gmake[1]: Entering directory '/tmp/radare2/libr/anal/d'
#9 373.9 cd ../../.. && mkdir -p "/usr/local/share/radare2/5.9.8/fcnsign" && \
#9 373.9 for FILE in cc-arm-16.sdb cc-arm-32.sdb cc-arm-64.sdb cc-avr-8.sdb cc-hexagon-32.sdb cc-m68k-32.sdb cc-mips-16
.sdb cc-mips-32.sdb cc-mips-64.sdb cc-ppc-32.sdb cc-ppc-64.sdb cc-riscv-64.sdb cc-s390-64.sdb cc-sparc-32.sdb cc-stm8-1
6.sdb cc-v850-32.sdb cc-x86-16.sdb cc-x86-32.sdb cc-x86-64.sdb cc-xtensa-32.sdb spec.sdb types-16.sdb types-32.sdb type
s-64.sdb types-android.sdb types-arm-ios-16.sdb types-arm-ios-32.sdb types-arm-ios-64.sdb types-darwin.sdb types-linux.
sdb types-windows.sdb types-x86-macos-64.sdb types-x86-windows-32.sdb types-x86-windows-64.sdb types.sdb; do \
#9 373.9 	ln -fs "/tmp/radare2/libr/anal/d/$FILE" "/usr/local/share/radare2/5.9.8/fcnsign/$FILE" ; \
#9 373.9 done
#9 373.9 gmake[1]: Leaving directory '/tmp/radare2/libr/anal/d'
#9 373.9 libr/util/d
#9 373.9 gmake[1]: Entering directory '/tmp/radare2/libr/util/d'
#9 373.9 mkdir -p "/usr/local/share/radare2/5.9.8/charsets"
#9 373.9 for FILE in *.sdb ; do \
#9 373.9 	ln -fs "/tmp/radare2/libr/util/d/$FILE" "/usr/local/share/radare2/5.9.8/charsets/$FILE" ; \
#9 373.9 done
#9 374.0 gmake[1]: Leaving directory '/tmp/radare2/libr/util/d'
#9 374.0 libr/arch/d
#9 374.0 gmake[1]: Entering directory '/tmp/radare2/libr/arch/d'
#9 374.0 mkdir -p "//usr/local/share/radare2/5.9.8/platform"
#9 374.0 for a in nes bf stm8 ; do \
#9 374.0 	ln -fs "/tmp/radare2/libr/arch/d/$a-init.r2" "//usr/local/share/radare2/5.9.8/platform/$a-init.r2" ; \
#9 374.0 	ln -fs "/tmp/radare2/libr/arch/d/$a-fini.r2" "//usr/local/share/radare2/5.9.8/platform/$a-fini.r2" ; \
#9 374.0 done
#9 374.0 gmake[1]: Leaving directory '/tmp/radare2/libr/arch/d'
#9 374.0 cd libr && gmake install-symlink
#9 374.0 gmake[1]: Entering directory '/tmp/radare2/libr'
#9 374.1 gmake[2]: Entering directory '/tmp/radare2'
#9 374.1 mkdir -p "/usr/local/lib/pkgconfig"
#9 374.1 for FILE in r_anal.pc r_arch.pc r_asm.pc r_bin.pc r_bp.pc r_config.pc r_cons.pc r_core.pc r_crypto.pc r_debug.
pc r_egg.pc r_esil.pc r_flag.pc r_fs.pc r_io.pc r_lang.pc r_magic.pc r_reg.pc r_search.pc r_socket.pc r_syscall.pc r_ut
il.pc ; do \
#9 374.1 	ln -fs "/tmp/radare2/pkgcfg/$FILE" "/usr/local/lib/pkgconfig/$FILE" ; done
#9 374.1 gmake[2]: Leaving directory '/tmp/radare2'
#9 374.2 gmake[1]: Leaving directory '/tmp/radare2/libr'
#9 374.2 cd binr && gmake install-symlink
#9 374.2 gmake[1]: Entering directory '/tmp/radare2/binr'
#9 374.2 cd .. && \
#9 374.2 mkdir -p "/usr/local/bin" && \
#9 374.2 for BINARY in r2r r2pm ravc2 rax2 rasm2 rabin2 rahash2 radiff2 radare2 rafind2 rarun2 ragg2 r2agent rasign2 ; 
do ln -fs "/tmp/radare2/binr/$BINARY/$BINARY" "/usr/local/bin/$BINARY" ; done
#9 374.2 cd .. && ln -fs "/tmp/radare2/binr/r2pm/r2pm" "/usr/local/bin/r2pm"
#9 374.2 cd .. && rm -rf "/usr/local/share/radare2/5.9.8/r2pm"
#9 374.2 cd .. && mkdir -p "/usr/local/share/radare2/5.9.8/"
#9 374.2 rm -f "/usr/local/bin/r2"
#9 374.2 cd .. && ln -fs "/tmp/radare2/binr/radare2/radare2" "/usr/local/bin/r2"
#9 374.2 cd .. && ln -fs "/usr/local/bin/radare2" "/usr/local/bin/r2p"
#9 374.2 cd .. && ln -fs "/tmp/radare2/binr/preload/libr2.so" "/usr/local/lib/libr2.so"
#9 374.2 cd .. && cd "/usr/local/lib" && \
#9 374.2 	mv libr2.so libr2.so.5.9.8 && \
#9 374.2 	ln -fs libr2.so.5.9.8 libr2.so
#9 374.2 gmake[1]: Leaving directory '/tmp/radare2/binr'
#9 374.2 cd shlr && gmake install-symlink
#9 374.2 gmake[1]: Entering directory '/tmp/radare2/shlr'
#9 374.3 mkdir -p "/usr/local/lib"
#9 374.3 #cd tcc ; for FILE in libr_tcc* ; do \
#9 374.3 #	ln -fs `pwd`/$FILE /usr/local/lib/$FILE ; done
#9 374.3 gmake[1]: Leaving directory '/tmp/radare2/shlr'
#9 374.3 mkdir -p "/usr/local/bin"
#9 374.3 ln -fs "/tmp/radare2/sys/indent.sh" "/usr/local/bin/r2-indent"
#9 374.3 rm -rf "/usr/local/share/radare2/5.9.8/scripts"
#9 374.3 ln -fs scripts "/usr/local/share/radare2/5.9.8/scripts"
#9 374.3 mkdir -p "/usr/local/share/radare2/5.9.8/hud"
#9 374.3 ln -fs "/tmp/radare2/doc/hud" "/usr/local/share/radare2/5.9.8/hud/main"
#9 374.3 #mkdir -p "/usr/local/share/radare2/5.9.8/flag"
#9 374.3 #ln -fs /tmp/radare2/libr/flag/d/tags.r2 "/usr/local/share/radare2/5.9.8/flag/tags.r2"
#9 374.3 cd "/usr/local/lib/radare2/" && rm -f last && ln -fs 5.9.8 last
#9 374.3 cd "/usr/local/share/radare2/" && rm -f last && ln -fs 5.9.8 last
#9 374.3 mkdir -p "/usr/local/share/radare2/5.9.8/"
#9 374.3 /bin/sh ./configure-plugins --rm-static //usr/local/lib/radare2/last/
#9 374.3 configure-plugins: Loading ./plugins.cfg ..
#9 374.6 Removed 0 shared plugins that are already static
#9 DONE 374.9s

#10 exporting to image
#10 exporting layers
#10 exporting layers 7.4s done
#10 exporting manifest sha256:e1342ac3ff8bd06ff7deb932a70c3ce47528b7fc3aff4a4ae0c6886940276ff9 done
#10 exporting config sha256:a3958cec2850d1625549ad6515552241d3f7fae877150c8722a7dd8bbcbc6de9 done
#10 exporting attestation manifest sha256:30ea7d6e6ea24677ca5898ce3d714d3d45dd844058c7b9aea9ad607dd5f879a5 0.0s done
#10 exporting manifest list sha256:317c34d079f5ebfe59dacf347c298084419e39f59d36f7cffb1957fd0808cfe9 done
#10 naming to docker.io/firm_audit/sandbox:latest done
#10 unpacking to docker.io/firm_audit/sandbox:latest
#10 unpacking to docker.io/firm_audit/sandbox:latest 2.2s done
#10 DONE 9.8s

View build details: docker-desktop://dashboard/build/desktop-linux/desktop-linux/qzulrm3whkid0kztvf5hr6l38
